c1,c2,c3,c4,c5,c6,c7,c8,c9,c10,c11,c12,c13,c14,c15,c16,c17,c18
2.06507e-318,-0.0,-0.0,-0.0,-8.131802860862696e-8,-0.0,-0.0,3.3469479317345573e-7,-0.0,-0.0,-0.0,-0.0,-0.0,-0.0,-0.0,-0.0,-0.0,-0.0
5.8334e-320,0.0,0.0,0.0,-1.1340593102174395e-9,0.0,0.0,5.7684846214191035e-8,0.0,0.0,0.0,0.0,0.0,0.0,0.0,0.0,0.0,0.0
-0.0,-0.0,-0.0,-0.0,-0.0,-0.0,-0.0,-0.0,-0.0,-0.0,-0.0,-0.0,-0.0,-0.0,-0.0,-0.0,-0.0,-0.0
-0.0,-0.0,-0.0,-0.0,3.3298382129994152e-18,-0.0,-0.0,-1.301964406500584e-16,-0.0,-0.0,-0.0,-0.0,-0.0,-0.0,-0.0,-0.0,-0.0,-0.0
-1.548134223e-314,-0.0,-0.0,-0.0,-0.00025328729088023157,-0.0,-0.0,0.00506446045976486,-0.0,-0.0,-0.0,-0.0,-0.0,-0.0,-0.0,-0.0,-0.0,-0.0
-1.0788756e-314,-0.0,-0.0,-0.0,-0.0011602820211365937,-0.0,-0.0,0.0224868766337157,-0.0,-0.0,-0.0,-0.0,-0.0,-0.0,-0.0,-0.0,-0.0,-0.0
-7.34645086e-315,-0.0,-0.0,-0.0,-0.00036476686308811447,-0.0,-0.0,0.009986328679115537,-0.0,-0.0,-0.0,-0.0,-0.0,-0.0,-0.0,-0.0,-0.0,-0.0
-4.714227196e-315,-0.0,-0.0,-0.0,-0.00038698565150007693,-0.0,-0.0,0.00932278339609813,-0.0,-0.0,-0.0,-0.0,-0.0,-0.0,-0.0,-0.0,-0.0,-0.0
3.334537179e-314,-0.0,-0.0,-0.0,-0.00014309129177799028,-0.0,-0.0,0.006286265530997621,-0.0,-0.0,-0.0,-0.0,-0.0,-0.0,-0.0,-0.0,-0.0,-0.0
-4.006811584e-314,-0.0,-0.0,-0.0,-0.00024389430889533225,-0.0,-0.0,0.003036518022145541,-0.0,-0.0,-0.0,-0.0,-0.0,-0.0,-0.0,-0.0,-0.0,-0.0
-2.3044980186e-314,-0.0,-0.0,-0.0,-0.0003814702449470576,-0.0,-0.0,-0.026722578961680062,-0.0,-0.0,-0.0,-0.0,-0.0,-0.0,-0.0,-0.0,-0.0,-0.0
3.492841423e-314,-0.0,-0.0,-0.0,-0.00013342251121101724,-0.0,-0.0,0.006472783540015113,-0.0,-0.0,-0.0,-0.0,-0.0,-0.0,-0.0,-0.0,-0.0,-0.0
-3.7170605327e-314,-0.0,-0.0,-0.0,-0.0002552165354118479,-0.0,-0.0,0.0030317426054286387,-0.0,-0.0,-0.0,-0.0,-0.0,-0.0,-0.0,-0.0,-0.0,-0.0
-1.661790676e-314,-0.0,-0.0,-0.0,-0.00012637961601709782,-0.0,-0.0,-0.0042305330151951644,-0.0,-0.0,-0.0,-0.0,-0.0,-0.0,-0.0,-0.0,-0.0,-0.0
-1.7771328615e-314,0.0,0.0,0.0,0.00011945358030123534,0.0,0.0,0.003998024012131314,0.0,0.0,0.0,0.0,0.0,0.0,0.0,0.0,0.0,0.0
-8.058516387e-315,-0.0,-0.0,-0.0,0.0004413972816406236,-0.0,-0.0,-0.014609520657890458,-0.0,-0.0,-0.0,-0.0,-0.0,-0.0,-0.0,-0.0,-0.0,-0.0
-1.081662785e-315,0.0,0.0,0.0,7.157434287394609e-5,0.0,0.0,-0.009683192431292802,0.0,0.0,0.0,0.0,0.0,0.0,0.0,0.0,0.0,0.0
-1.75192202e-314,0.0,0.0,0.0,-3.7700076653669985e-5,0.0,0.0,-0.013340845545699217,0.0,0.0,0.0,0.0,0.0,0.0,0.0,0.0,0.0,0.0
-2.548437287e-314,0.0,0.0,0.0,0.0002164347264657673,0.0,0.0,-0.004834817722916936,0.0,0.0,0.0,0.0,0.0,0.0,0.0,0.0,0.0,0.0
9.48740156e-315,0.0,0.0,0.0,4.65236134220056e-5,0.0,0.0,-0.006294065469585899,0.0,0.0,0.0,0.0,0.0,0.0,0.0,0.0,0.0,0.0
7.4455992696e-314,0.0,0.0,0.0,-3.6276739197093635e-19,0.0,0.0,-3.9016460349398975e-18,0.0,0.0,0.0,0.0,0.0,0.0,0.0,0.0,0.0,0.0
-9.8697478974e-314,0.0,0.0,0.0,7.82034459056796e-19,0.0,0.0,2.2761598657330563e-17,0.0,0.0,0.0,0.0,0.0,0.0,0.0,0.0,0.0,0.0
1.0190470483e-314,-0.0,-0.0,-0.0,-3.0687805332626016e-10,-0.0,-0.0,-9.338025754888331e-9,-0.0,-0.0,-0.0,-0.0,-0.0,-0.0,-0.0,-0.0,-0.0,-0.0
-3.38282124e-314,-0.0,-0.0,-0.0,-0.0015411247648602303,-0.0,-0.0,-0.004262317031787126,-0.0,-0.0,-0.0,-0.0,-0.0,-0.0,-0.0,-0.0,-0.0,-0.0
-6.203272945e-315,0.0,0.0,0.0,-0.0005167316838719303,0.0,0.0,0.009459269208055817,0.0,0.0,0.0,0.0,0.0,0.0,0.0,0.0,0.0,0.0
4.303336e-317,0.0,0.0,0.0,-1.1036744150844826e-6,0.0,0.0,-5.9774753690424775e-5,0.0,0.0,0.0,0.0,0.0,0.0,0.0,0.0,0.0,0.0
5.496e-320,-0.0,-0.0,-0.0,4.579328579262378e-9,-0.0,-0.0,-8.38290029342319e-8,-0.0,-0.0,-0.0,-0.0,-0.0,-0.0,-0.0,-0.0,-0.0,-0.0
-4.20745195e-315,0.0,0.0,0.0,-0.0009692730208512641,0.0,0.0,0.009370509964379636,0.0,0.0,0.0,0.0,0.0,0.0,0.0,0.0,0.0,0.0
3.2672496007e-314,-0.0,-0.0,-0.0,-8.516356621127582e-5,-0.0,-0.0,-0.047849863587713266,-0.0,-0.0,-0.0,-0.0,-0.0,-0.0,-0.0,-0.0,-0.0,-0.0
-4.2727e-320,-0.0,-0.0,-0.0,-3.562067171734378e-9,-0.0,-0.0,6.520705695708945e-8,-0.0,-0.0,-0.0,-0.0,-0.0,-0.0,-0.0,-0.0,-0.0,-0.0
-6.203272945e-315,-0.0,-0.0,-0.0,-0.0005167316839415434,-0.0,-0.0,0.009459269209113644,-0.0,-0.0,-0.0,-0.0,-0.0,-0.0,-0.0,-0.0,-0.0,-0.0
-1.6472435077e-314,-0.0,-0.0,-0.0,2.1281075917264298e-5,-0.0,-0.0,0.024139595911247234,-0.0,-0.0,-0.0,-0.0,-0.0,-0.0,-0.0,-0.0,-0.0,-0.0
-1.241915205e-314,-0.0,-0.0,-0.0,0.0001540438307201733,-0.0,-0.0,0.0015176206110827626,-0.0,-0.0,-0.0,-0.0,-0.0,-0.0,-0.0,-0.0,-0.0,-0.0
1.40656342e-315,-0.0,-0.0,-0.0,-0.0004958071407816849,-0.0,-0.0,0.006839229101076186,-0.0,-0.0,-0.0,-0.0,-0.0,-0.0,-0.0,-0.0,-0.0,-0.0
-6.03e-321,-0.0,-0.0,-0.0,-5.001020405902987e-10,-0.0,-0.0,9.154847661347983e-9,-0.0,-0.0,-0.0,-0.0,-0.0,-0.0,-0.0,-0.0,-0.0,-0.0
-1.842474804e-315,0.0,0.0,0.0,-0.0021470341122056223,0.0,0.0,-0.055322767101906374,0.0,0.0,0.0,0.0,0.0,0.0,0.0,0.0,0.0,0.0
0.0,0.0,0.0,0.0,0.0,0.0,0.0,0.0,0.0,0.0,0.0,0.0,0.0,0.0,0.0,0.0,0.0,0.0
-2.4044574023e-314,-0.0,-0.0,-0.0,-0.00034348550557345385,-0.0,-0.0,0.034125919463075124,-0.0,-0.0,-0.0,-0.0,-0.0,-0.0,-0.0,-0.0,-0.0,-0.0
3.0474036614e-314,0.0,0.0,0.0,-0.0018806621978339727,0.0,0.0,-0.05853375154479542,0.0,0.0,0.0,0.0,0.0,0.0,0.0,0.0,0.0,0.0
-3.5e-322,-0.0,-0.0,-0.0,-2.8968551150850542e-11,-0.0,-0.0,5.307332272683722e-10,-0.0,-0.0,-0.0,-0.0,-0.0,-0.0,-0.0,-0.0,-0.0,-0.0
-8.0429546e-316,-0.0,-0.0,-0.0,5.238982708924907e-6,-0.0,-0.0,-6.354322259066e-5,-0.0,-0.0,-0.0,-0.0,-0.0,-0.0,-0.0,-0.0,-0.0,-0.0
3.31208073e-314,-0.0,-0.0,-0.0,0.0002611329666943198,-0.0,-0.0,-0.0031474418621034272,-0.0,-0.0,-0.0,-0.0,-0.0,-0.0,-0.0,-0.0,-0.0,-0.0
0.0,0.0,0.0,0.0,0.02,0.0,0.0,0.0,0.0,0.0,0.0,0.0,0.0,0.0,0.0,0.0,0.0,0.0
-6.20329961e-315,-0.0,-0.0,-0.0,0.009412321031139584,-0.0,-0.0,0.00945930978653646,-0.0,-0.0,-0.0,-0.0,-0.0,-0.0,-0.0,-0.0,-0.0,-0.0
-5.6865434e-317,-0.0,-0.0,-0.0,-0.0015264351998927285,-0.0,-0.0,-0.010153160218550353,-0.0,-0.0,-0.0,-0.0,-0.0,-0.0,-0.0,-0.0,-0.0,-0.0
-1.78511351e-315,-0.0,-0.0,-0.0,-0.0006205576183141611,-0.0,-0.0,-0.045170362809620966,-0.0,-0.0,-0.0,-0.0,-0.0,-0.0,-0.0,-0.0,-0.0,-0.0
-9.12696297e-315,-0.0,-0.0,-0.0,0.00022927267873822958,-0.0,-0.0,0.002113094025836453,-0.0,-0.0,-0.0,-0.0,-0.0,-0.0,-0.0,-0.0,-0.0,-0.0
-1.0539290137e-314,0.0,0.0,0.0,0.00034205000390364454,0.0,0.0,0.003321399253870541,0.0,0.0,0.0,0.0,0.0,0.0,0.0,0.0,0.0,0.0
-8.080392823e-315,-0.0,-0.0,-0.0,0.0004953059346260479,-0.0,-0.0,-0.020509848461282582,-0.0,-0.0,-0.0,-0.0,-0.0,-0.0,-0.0,-0.0,-0.0,-0.0
-9.226893073e-315,0.0,0.0,0.0,0.00019358499440484577,0.0,0.0,0.006242736652240526,0.0,0.0,0.0,0.0,0.0,0.0,0.0,0.0,0.0,0.0
-1.219604904e-314,0.0,0.0,0.0,8.354030587828973e-5,0.0,0.0,-0.0015634982960892002,0.0,0.0,0.0,0.0,0.0,0.0,0.0,0.0,0.0,0.0
-1.1668231007e-314,-0.0,-0.0,-0.0,7.706691388401909e-5,-0.0,-0.0,0.003864029995216001,-0.0,-0.0,-0.0,-0.0,-0.0,-0.0,-0.0,-0.0,-0.0,-0.0
-1.19676505e-314,-0.0,-0.0,-0.0,0.0009011953296798672,-0.0,-0.0,0.0038320360108290248,-0.0,-0.0,-0.0,-0.0,-0.0,-0.0,-0.0,-0.0,-0.0,-0.0
-1.4196836063e-314,-0.0,-0.0,-0.0,-0.00017823592229504663,-0.0,-0.0,0.006459673880192893,-0.0,-0.0,-0.0,-0.0,-0.0,-0.0,-0.0,-0.0,-0.0,-0.0
-1.362249815e-314,0.0,0.0,0.0,4.961514946955149e-6,0.0,0.0,0.002115383529506977,0.0,0.0,0.0,0.0,0.0,0.0,0.0,0.0,0.0,0.0
-1.49502081e-314,-0.0,-0.0,-0.0,-7.37963892838662e-5,-0.0,-0.0,0.005121811064414371,-0.0,-0.0,-0.0,-0.0,-0.0,-0.0,-0.0,-0.0,-0.0,-0.0
-1.671999145e-314,0.0,0.0,0.0,-0.00013087357095122246,0.0,0.0,0.003369813391888535,0.0,0.0,0.0,0.0,0.0,0.0,0.0,0.0,0.0,0.0
-1.7113525677e-314,-0.0,-0.0,-0.0,-0.0001468175753915567,-0.0,-0.0,0.004952746724349535,-0.0,-0.0,-0.0,-0.0,-0.0,-0.0,-0.0,-0.0,-0.0,-0.0
-1.126160667e-314,-0.0,-0.0,-0.0,0.00020095250837196812,-0.0,-0.0,0.0035848244735505056,-0.0,-0.0,-0.0,-0.0,-0.0,-0.0,-0.0,-0.0,-0.0,-0.0
-1.0600884076e-314,-0.0,-0.0,-0.0,0.00034316504083431985,-0.0,-0.0,0.0033500486538443953,-0.0,-0.0,-0.0,-0.0,-0.0,-0.0,-0.0,-0.0,-0.0,-0.0
-1.42296896e-314,-0.0,-0.0,-0.0,-0.00019435148930607016,-0.0,-0.0,-0.006147416896522444,-0.0,-0.0,-0.0,-0.0,-0.0,-0.0,-0.0,-0.0,-0.0,-0.0
-9.226902287e-315,0.0,0.0,0.0,0.0001935846481565634,0.0,0.0,0.006242747291230819,0.0,0.0,0.0,0.0,0.0,0.0,0.0,0.0,0.0,0.0
-1.2196049044e-314,-0.0,-0.0,-0.0,8.354030587815085e-5,-0.0,-0.0,-0.0015634982960866617,-0.0,-0.0,-0.0,-0.0,-0.0,-0.0,-0.0,-0.0,-0.0,-0.0
-1.1856735213e-314,0.0,0.0,0.0,7.603698464082705e-5,0.0,0.0,0.0039566610556543,0.0,0.0,0.0,0.0,0.0,0.0,0.0,0.0,0.0,0.0
-1.4292313473e-314,-0.0,-0.0,-0.0,0.0009763429888942709,-0.0,-0.0,0.005335236530454149,-0.0,-0.0,-0.0,-0.0,-0.0,-0.0,-0.0,-0.0,-0.0,-0.0
-1.4196839077e-314,0.0,0.0,0.0,-0.00017823617728066657,0.0,0.0,0.0064596785479492155,0.0,0.0,0.0,0.0,0.0,0.0,0.0,0.0,0.0,0.0
-1.3622505594e-314,-0.0,-0.0,-0.0,4.9608940952845595e-6,-0.0,-0.0,0.0021153948947924377,-0.0,-0.0,-0.0,-0.0,-0.0,-0.0,-0.0,-0.0,-0.0,-0.0
-1.523069911e-314,0.0,0.0,0.0,-7.763216838934097e-5,0.0,0.0,0.0052548872318458,0.0,0.0,0.0,0.0,0.0,0.0,0.0,0.0,0.0,0.0
-1.6722741025e-314,-0.0,-0.0,-0.0,-0.00013090648545944497,-0.0,-0.0,0.0033705673103613313,-0.0,-0.0,-0.0,-0.0,-0.0,-0.0,-0.0,-0.0,-0.0,-0.0
-1.7113525746e-314,-0.0,-0.0,-0.0,-0.0001468175826120398,-0.0,-0.0,0.004952746856527283,-0.0,-0.0,-0.0,-0.0,-0.0,-0.0,-0.0,-0.0,-0.0,-0.0
1.638433326e-315,0.0,0.0,0.0,4.1547762727889406e-5,0.0,0.0,-0.00169037019623894,0.0,0.0,0.0,0.0,0.0,0.0,0.0,0.0,0.0,0.0
6.6665347e-316,0.0,0.0,0.0,2.990057904788333e-5,0.0,0.0,-0.0007773050944579527,0.0,0.0,0.0,0.0,0.0,0.0,0.0,0.0,0.0,0.0
4.24749789e-315,0.0,0.0,0.0,0.00015666995096819846,0.0,0.0,-0.010062285098883164,0.0,0.0,0.0,0.0,0.0,0.0,0.0,0.0,0.0,0.0
8.4014074e-316,0.0,0.0,0.0,1.550740902185169e-5,0.0,0.0,-0.00010099176369221081,0.0,0.0,0.0,0.0,0.0,0.0,0.0,0.0,0.0,0.0
-1.22544641e-315,0.0,0.0,0.0,8.359484943043964e-6,0.0,0.0,-0.0002740983202809354,0.0,0.0,0.0,0.0,0.0,0.0,0.0,0.0,0.0,0.0
-1.40176168e-315,0.0,0.0,0.0,1.5177679144391794e-5,0.0,0.0,-0.00014375636482721576,0.0,0.0,0.0,0.0,0.0,0.0,0.0,0.0,0.0,0.0
-2.08509053e-315,0.0,0.0,0.0,0.00017808544065961828,0.0,0.0,-0.0006548549599069793,0.0,0.0,0.0,0.0,0.0,0.0,0.0,0.0,0.0,0.0
-2.368117297e-315,0.0,0.0,0.0,-1.8897712308879183e-5,0.0,0.0,0.0002846824227753775,0.0,0.0,0.0,0.0,0.0,0.0,0.0,0.0,0.0,0.0
-1.09564548e-315,0.0,0.0,0.0,3.2852187323713787e-6,0.0,0.0,-4.1752449414717825e-5,0.0,0.0,0.0,0.0,0.0,0.0,0.0,0.0,0.0,0.0
-2.24588339e-315,0.0,0.0,0.0,1.0016601421794347e-5,0.0,0.0,-0.001545181649703075,0.0,0.0,0.0,0.0,0.0,0.0,0.0,0.0,0.0,0.0
-6.97684173e-315,0.0,0.0,0.0,5.577951661296416e-7,0.0,0.0,0.00030049087927058526,0.0,0.0,0.0,0.0,0.0,0.0,0.0,0.0,0.0,0.0
5.9719978e-316,0.0,0.0,0.0,1.227621811764453e-6,0.0,0.0,9.515681886371331e-5,0.0,0.0,0.0,0.0,0.0,0.0,0.0,0.0,0.0,0.0
2.957358874e-315,-0.0,-0.0,-0.0,-1.1086201013462186e-5,-0.0,-0.0,-0.002501372364968939,-0.0,-0.0,-0.0,-0.0,-0.0,-0.0,-0.0,-0.0,-0.0,-0.0
6.2858638e-316,0.0,0.0,0.0,5.566790043152836e-6,0.0,0.0,-0.0017299981041884673,0.0,0.0,0.0,0.0,0.0,0.0,0.0,0.0,0.0,0.0
9.033580116e-315,-0.0,-0.0,-0.0,0.00014663208940394917,-0.0,-0.0,-0.032495010574382255,-0.0,-0.0,-0.0,-0.0,-0.0,-0.0,-0.0,-0.0,-0.0,-0.0
1.032754747e-315,-0.0,-0.0,-0.0,-3.1674885853274526e-5,-0.0,-0.0,0.00033673642399854073,-0.0,-0.0,-0.0,-0.0,-0.0,-0.0,-0.0,-0.0,-0.0,-0.0
-4.72344732e-315,-0.0,-0.0,-0.0,-0.0001224060476496415,-0.0,-0.0,0.003227368628560802,-0.0,-0.0,-0.0,-0.0,-0.0,-0.0,-0.0,-0.0,-0.0,-0.0
-3.237122612e-315,-0.0,-0.0,-0.0,-6.18786521039399e-5,-0.0,-0.0,0.000920162750366136,-0.0,-0.0,-0.0,-0.0,-0.0,-0.0,-0.0,-0.0,-0.0,-0.0
-6.414775284e-315,-0.0,-0.0,-0.0,6.236046440987261e-5,-0.0,-0.0,0.0013654510618320245,-0.0,-0.0,-0.0,-0.0,-0.0,-0.0,-0.0,-0.0,-0.0,-0.0
-5.07522508e-315,-0.0,-0.0,-0.0,-8.73028093863825e-5,-0.0,-0.0,0.0006812167686010341,-0.0,-0.0,-0.0,-0.0,-0.0,-0.0,-0.0,-0.0,-0.0,-0.0
-9.74332598e-315,-0.0,-0.0,-0.0,-9.724014831496519e-5,-0.0,-0.0,0.0016247969072099397,-0.0,-0.0,-0.0,-0.0,-0.0,-0.0,-0.0,-0.0,-0.0,-0.0
-3.98377866e-315,-0.0,-0.0,-0.0,-0.00011783850691058862,-0.0,-0.0,0.00028115614225239136,-0.0,-0.0,-0.0,-0.0,-0.0,-0.0,-0.0,-0.0,-0.0,-0.0
-3.42434216e-315,-0.0,-0.0,-0.0,-5.191853926927719e-5,-0.0,-0.0,0.0013233476519516729,-0.0,-0.0,-0.0,-0.0,-0.0,-0.0,-0.0,-0.0,-0.0,-0.0
-8.971943e-317,-0.0,-0.0,-0.0,-1.4056297631238957e-5,-0.0,-0.0,0.000216951053372092,-0.0,-0.0,-0.0,-0.0,-0.0,-0.0,-0.0,-0.0,-0.0,-0.0
5.314068334e-315,-0.0,-0.0,-0.0,-5.017984938060711e-5,-0.0,-0.0,-0.0060412455743349535,-0.0,-0.0,-0.0,-0.0,-0.0,-0.0,-0.0,-0.0,-0.0,-0.0
1.36148809e-315,0.0,0.0,0.0,-4.906838523199543e-5,0.0,0.0,-0.0035044500435858685,0.0,0.0,0.0,0.0,0.0,0.0,0.0,0.0,0.0,0.0
2.0751296363e-314,-0.0,-0.0,-0.0,-0.00047049453071938306,-0.0,-0.0,0.0018726207544753552,-0.0,-0.0,-0.0,-0.0,-0.0,-0.0,-0.0,-0.0,-0.0,-0.0
2.899313938e-315,0.0,0.0,0.0,-8.811169046686092e-5,0.0,0.0,-0.0011964469730622903,0.0,0.0,0.0,0.0,0.0,0.0,0.0,0.0,0.0,0.0
-7.454605956e-315,0.0,0.0,0.0,-0.000126777294700626,0.0,0.0,0.0026210429100072636,0.0,0.0,0.0,0.0,0.0,0.0,0.0,0.0,0.0,0.0
-5.57087093e-315,0.0,0.0,0.0,-6.76026270144987e-5,0.0,0.0,0.0005761304383655766,0.0,0.0,0.0,0.0,0.0,0.0,0.0,0.0,0.0,0.0
-1.207270182e-314,0.0,0.0,0.0,-0.0002763648142156984,0.0,0.0,-0.0006804837141636972,0.0,0.0,0.0,0.0,0.0,0.0,0.0,0.0,0.0,0.0
-9.271602595e-315,0.0,0.0,0.0,-9.556904846006691e-5,0.0,0.0,0.0006200262201865876,0.0,0.0,0.0,0.0,0.0,0.0,0.0,0.0,0.0,0.0
-1.1189917133e-314,0.0,0.0,0.0,-9.747925347522951e-5,0.0,0.0,0.0015522598427981508,0.0,0.0,0.0,0.0,0.0,0.0,0.0,0.0,0.0,0.0
-7.54939433e-315,-0.0,-0.0,-0.0,-0.0001452147528504531,-0.0,-0.0,-0.0019153544099753386,-0.0,-0.0,-0.0,-0.0,-0.0,-0.0,-0.0,-0.0,-0.0,-0.0
-1.148898337e-314,-0.0,-0.0,-0.0,-5.8404836916369044e-5,-0.0,-0.0,0.001572387964909876,-0.0,-0.0,-0.0,-0.0,-0.0,-0.0,-0.0,-0.0,-0.0,-0.0
4.43697e-316,0.0,0.0,0.0,-1.5857681980601224e-5,0.0,0.0,0.00026119556270001406,0.0,0.0,0.0,0.0,0.0,0.0,0.0,0.0,0.0,0.0
-1.056074013e-314,0.0,0.0,0.0,0.0003100474004118082,0.0,0.0,-0.007292580532915212,0.0,0.0,0.0,0.0,0.0,0.0,0.0,0.0,0.0,0.0
-1.113367638e-314,-0.0,-0.0,-0.0,0.00027717318372925146,-0.0,-0.0,-0.0013618506059553859,-0.0,-0.0,-0.0,-0.0,-0.0,-0.0,-0.0,-0.0,-0.0,-0.0
-9.65058015e-315,-0.0,-0.0,-0.0,0.0003759267987551981,-0.0,-0.0,-0.0074123935014065835,-0.0,-0.0,-0.0,-0.0,-0.0,-0.0,-0.0,-0.0,-0.0,-0.0
-1.0893385824e-314,-0.0,-0.0,-0.0,0.0002592060974998516,-0.0,-0.0,0.0012171357863605802,-0.0,-0.0,-0.0,-0.0,-0.0,-0.0,-0.0,-0.0,-0.0,-0.0
-1.0188016e-314,0.0,0.0,0.0,0.00032630079690078713,0.0,0.0,-0.010814303403463732,0.0,0.0,0.0,0.0,0.0,0.0,0.0,0.0,0.0,0.0
-1.185237946e-314,-0.0,-0.0,-0.0,0.000319913252026205,-0.0,-0.0,-0.0024710341363313763,-0.0,-0.0,-0.0,-0.0,-0.0,-0.0,-0.0,-0.0,-0.0,-0.0
-1.1636392187e-314,-0.0,-0.0,-0.0,0.00048257504465094056,-0.0,-0.0,-0.002359937350936056,-0.0,-0.0,-0.0,-0.0,-0.0,-0.0,-0.0,-0.0,-0.0,-0.0
-1.3914183607e-314,-0.0,-0.0,-0.0,-2.357305436195157e-5,-0.0,-0.0,0.004566613230223296,-0.0,-0.0,-0.0,-0.0,-0.0,-0.0,-0.0,-0.0,-0.0,-0.0
-1.2624362937e-314,-0.0,-0.0,-0.0,5.176904269574584e-5,-0.0,-0.0,0.0003151836136668011,-0.0,-0.0,-0.0,-0.0,-0.0,-0.0,-0.0,-0.0,-0.0,-0.0
-1.3280851167e-314,-0.0,-0.0,-0.0,0.00014248248419057526,-0.0,-0.0,0.0010866545004827991,-0.0,-0.0,-0.0,-0.0,-0.0,-0.0,-0.0,-0.0,-0.0,-0.0
-1.1682330267e-314,-0.0,-0.0,-0.0,0.00024154843614854665,-0.0,-0.0,-0.006582042324988782,-0.0,-0.0,-0.0,-0.0,-0.0,-0.0,-0.0,-0.0,-0.0,-0.0
-1.166828995e-314,-0.0,-0.0,-0.0,0.00025816016193186793,-0.0,-0.0,-0.001528010153809239,-0.0,-0.0,-0.0,-0.0,-0.0,-0.0,-0.0,-0.0,-0.0,-0.0
-1.9012481626e-314,-0.0,-0.0,-0.0,-0.00025329367026701076,-0.0,-0.0,0.005064582474369464,-0.0,-0.0,-0.0,-0.0,-0.0,-0.0,-0.0,-0.0,-0.0,-0.0
-1.901240131e-314,-0.0,-0.0,-0.0,-0.00025328698046820015,-0.0,-0.0,0.005064460011184185,-0.0,-0.0,-0.0,-0.0,-0.0,-0.0,-0.0,-0.0,-0.0,-0.0
-1.9012345105e-314,-0.0,-0.0,-0.0,-0.00025328228812150703,-0.0,-0.0,0.0050643741132763345,-0.0,-0.0,-0.0,-0.0,-0.0,-0.0,-0.0,-0.0,-0.0,-0.0
-1.901242813e-314,-0.0,-0.0,-0.0,-0.0002532892125076606,-0.0,-0.0,0.005064500870807905,-0.0,-0.0,-0.0,-0.0,-0.0,-0.0,-0.0,-0.0,-0.0,-0.0
-1.901230358e-314,-0.0,-0.0,-0.0,-0.00025327884368781645,-0.0,-0.0,0.005064311059613201,-0.0,-0.0,-0.0,-0.0,-0.0,-0.0,-0.0,-0.0,-0.0,-0.0
-1.9012363203e-314,-0.0,-0.0,-0.0,-0.00025328379853813994,-0.0,-0.0,0.005064401762901789,-0.0,-0.0,-0.0,-0.0,-0.0,-0.0,-0.0,-0.0,-0.0,-0.0
-1.901253972e-314,-0.0,-0.0,-0.0,-0.00025329851601216816,-0.0,-0.0,0.005064671180383433,-0.0,-0.0,-0.0,-0.0,-0.0,-0.0,-0.0,-0.0,-0.0,-0.0
-1.901250695e-314,-0.0,-0.0,-0.0,-0.00025329577364453337,-0.0,-0.0,0.005064620978712887,-0.0,-0.0,-0.0,-0.0,-0.0,-0.0,-0.0,-0.0,-0.0,-0.0
-1.9012423257e-314,-0.0,-0.0,-0.0,-0.0002532888156571353,-0.0,-0.0,0.005064493606078323,-0.0,-0.0,-0.0,-0.0,-0.0,-0.0,-0.0,-0.0,-0.0,-0.0
-1.901243427e-314,-0.0,-0.0,-0.0,-0.00025328973100341223,-0.0,-0.0,0.0050645103623701004,-0.0,-0.0,-0.0,-0.0,-0.0,-0.0,-0.0,-0.0,-0.0,-0.0
-1.9012485494e-314,-0.0,-0.0,-0.0,-0.00025329399585588406,-0.0,-0.0,0.005064588434586085,-0.0,-0.0,-0.0,-0.0,-0.0,-0.0,-0.0,-0.0,-0.0,-0.0
-1.901235043e-314,-0.0,-0.0,-0.0,-0.00025328273840258064,-0.0,-0.0,0.005064382356103321,-0.0,-0.0,-0.0,-0.0,-0.0,-0.0,-0.0,-0.0,-0.0,-0.0
-1.14475389e-314,-0.0,-0.0,-0.0,0.0003633610124309797,-0.0,-0.0,-0.0019549091222565264,-0.0,-0.0,-0.0,-0.0,-0.0,-0.0,-0.0,-0.0,-0.0,-0.0
-1.1731627283e-314,0.0,0.0,0.0,0.0004323087579514291,0.0,0.0,0.001570416231732554,0.0,0.0,0.0,0.0,0.0,0.0,0.0,0.0,0.0,0.0
-9.509610904e-315,-0.0,-0.0,-0.0,0.0007377849180787667,-0.0,-0.0,-0.04309348807750624,-0.0,-0.0,-0.0,-0.0,-0.0,-0.0,-0.0,-0.0,-0.0,-0.0
-1.0010014404e-314,0.0,0.0,0.0,0.00024184448891932184,0.0,0.0,0.005824328318081588,0.0,0.0,0.0,0.0,0.0,0.0,0.0,0.0,0.0,0.0
-1.219081895e-314,0.0,0.0,0.0,8.48125966070435e-5,0.0,0.0,-0.002694376962848519,0.0,0.0,0.0,0.0,0.0,0.0,0.0,0.0,0.0,0.0
-1.38181589e-314,0.0,0.0,0.0,0.00010736123114418066,0.0,0.0,0.0019656226317637765,0.0,0.0,0.0,0.0,0.0,0.0,0.0,0.0,0.0,0.0
-1.252513109e-314,0.0,0.0,0.0,0.000998621234150128,0.0,0.0,0.002815607465024004,0.0,0.0,0.0,0.0,0.0,0.0,0.0,0.0,0.0,0.0
-1.4687911055e-314,-0.0,-0.0,-0.0,-0.00018142795021072327,-0.0,-0.0,0.005636131757781382,-0.0,-0.0,-0.0,-0.0,-0.0,-0.0,-0.0,-0.0,-0.0,-0.0
-1.3381582086e-314,0.0,0.0,0.0,6.3226264557723e-6,0.0,0.0,0.001229488048779419,0.0,0.0,0.0,0.0,0.0,0.0,0.0,0.0,0.0,0.0
-1.574631529e-314,0.0,0.0,0.0,-7.080558372955807e-5,0.0,0.0,0.004097672255306159,0.0,0.0,0.0,0.0,0.0,0.0,0.0,0.0,0.0,0.0
-1.635409309e-314,0.0,0.0,0.0,-0.0001247385842245477,0.0,0.0,0.0026062122591440956,0.0,0.0,0.0,0.0,0.0,0.0,0.0,0.0,0.0,0.0
-1.649030266e-314,0.0,0.0,0.0,-0.00013775527045736916,0.0,0.0,0.004231538413480348,0.0,0.0,0.0,0.0,0.0,0.0,0.0,0.0,0.0,0.0
0.0,0.0,0.0,0.0,0.0,0.0,0.0,0.0,0.0,0.0,0.0,0.0,0.0,0.0,0.0,0.0,0.0,0.0
0.0,0.0,0.0,0.0,0.0,0.0,0.0,0.0,0.0,0.0,0.0,0.0,0.0,0.0,0.0,0.0,0.0,0.0
-0.0,-0.0,-0.0,-0.0,-0.0,-0.0,-0.0,0.099450169554373,-0.0,-0.0,-0.0,-0.0,-0.0,-0.0,-0.0,-0.0,-0.0,-0.0
0.0,0.0,0.0,0.0,0.0,0.0,0.0,-0.0,0.0,0.0,0.0,0.0,0.0,0.0,0.0,0.0,0.0,0.0
0.0,0.0,0.0,0.0,0.0,0.0,0.0,0.0,0.0,0.0,0.0,0.0,0.0,0.0,0.0,0.0,0.0,0.0
0.0,0.0,0.0,0.0,0.0,0.0,0.0,0.0,0.0,0.0,0.0,0.0,0.0,0.0,0.0,0.0,0.0,0.0
0.0,0.0,0.0,0.0,0.0,0.0,0.0,0.0,0.0,0.0,0.0,0.0,0.0,0.0,0.0,0.0,0.0,0.0
0.0,0.0,0.0,0.0,0.0,0.0,0.0,0.0,0.0,0.0,0.0,0.0,0.0,0.0,0.0,0.0,0.0,0.0
0.0,0.0,0.0,0.0,0.0,0.0,0.0,0.0,0.0,0.0,0.0,0.0,0.0,0.0,0.0,0.0,0.0,0.0
0.0,0.0,0.0,0.0,0.0,0.0,0.0,0.0,0.0,0.0,0.0,0.0,0.0,0.0,0.0,0.0,0.0,0.0
0.0,0.0,0.0,0.0,0.0,0.0,0.0,0.0,0.0,0.0,0.0,0.0,0.0,0.0,0.0,0.0,0.0,0.0
0.0,0.0,0.0,0.0,0.0,0.0,0.0,0.0,0.0,0.0,0.0,0.0,0.0,0.0,0.0,0.0,0.0,0.0
7.9088969e-316,0.0,0.0,0.0,-0.0001117982890900943,0.0,0.0,-0.0024507982573418402,0.0,0.0,0.0,0.0,0.0,0.0,0.0,0.0,0.0,0.0
7.640078e-317,0.0,0.0,0.0,-0.00012051264314282079,0.0,0.0,-0.0013183513947791162,0.0,0.0,0.0,0.0,0.0,0.0,0.0,0.0,0.0,0.0
7.88635573e-315,-0.0,-0.0,-0.0,-0.001064301912648238,-0.0,-0.0,-0.04416335417118427,-0.0,-0.0,-0.0,-0.0,-0.0,-0.0,-0.0,-0.0,-0.0,-0.0
1.018845787e-315,0.0,0.0,0.0,-8.706729916336034e-5,0.0,0.0,-0.0019324915869620282,0.0,0.0,0.0,0.0,0.0,0.0,0.0,0.0,0.0,0.0
-1.622702755e-315,0.0,0.0,0.0,-4.118693789746517e-6,0.0,0.0,-0.0008306816675773916,0.0,0.0,0.0,0.0,0.0,0.0,0.0,-0.0,0.0,0.0
-1.008952424e-315,0.0,0.0,0.0,-2.1535884159172908e-5,0.0,0.0,-0.00040644949896130405,0.0,0.0,0.0,0.0,0.0,0.0,0.0,0.0,0.0,0.0
-3.94177038e-315,-0.0,-0.0,-0.0,-0.0007229433106839706,-0.0,-0.0,-0.0021342683862051537,-0.0,-0.0,-0.0,-0.0,-0.0,-0.0,-0.0,-0.0,-0.0,-0.0
-2.037166436e-315,0.0,0.0,0.0,2.70444994162436e-5,0.0,0.0,-0.0005817107573734077,0.0,0.0,0.0,0.0,0.0,0.0,0.0,0.0,0.0,0.0
-3.57932735e-316,0.0,0.0,0.0,-1.3709087085694294e-6,0.0,0.0,-0.00011274264668214448,0.0,0.0,0.0,0.0,0.0,0.0,0.0,0.0,0.0,0.0
-1.405856157e-315,0.0,0.0,0.0,-3.573816632336059e-5,0.0,0.0,-0.0010393568265846813,0.0,0.0,0.0,0.0,0.0,0.0,0.0,0.0,0.0,0.0
-1.168804656e-315,-0.0,-0.0,-0.0,-2.6458332374290937e-6,-0.0,-0.0,-0.00024953920142985236,-0.0,-0.0,-0.0,-0.0,-0.0,-0.0,-0.0,-0.0,-0.0,-0.0
-7.1843247e-317,0.0,0.0,0.0,-2.0508425390041206e-6,0.0,0.0,-0.00010292803089477308,0.0,0.0,0.0,0.0,0.0,0.0,0.0,0.0,0.0,0.0
3.32349289e-315,-0.0,-0.0,-0.0,-3.077052430052568e-5,-0.0,-0.0,0.0003831142547181721,-0.0,-0.0,-0.0,-0.0,-0.0,-0.0,-0.0,-0.0,-0.0,-0.0
3.5576914e-316,-0.0,-0.0,-0.0,2.8053169046966257e-6,-0.0,-0.0,-3.388597423872874e-5,-0.0,-0.0,-0.0,-0.0,-0.0,-0.0,-0.0,-0.0,-0.0,-0.0
1.10814e-319,-0.0,-0.0,-0.0,9.233634102367953e-9,-0.0,-0.0,-1.6903053081165782e-7,-0.0,-0.0,-0.0,-0.0,-0.0,-0.0,-0.0,-0.0,-0.0,-0.0
3.0123e-320,-0.0,-0.0,-0.0,2.512121814018781e-9,-0.0,-0.0,-4.5986799870545754e-8,-0.0,-0.0,-0.0,-0.0,-0.0,-0.0,-0.0,-0.0,-0.0,-0.0
2.889300343e-315,-0.0,-0.0,-0.0,-2.3615611474823304e-5,-0.0,-0.0,0.00029459139567786626,-0.0,-0.0,-0.0,-0.0,-0.0,-0.0,-0.0,-0.0,-0.0,-0.0
5.613e-320,0.0,0.0,0.0,4.675308526591045e-9,0.0,0.0,-8.558600796964166e-8,0.0,0.0,0.0,0.0,0.0,0.0,0.0,0.0,0.0,0.0
-1.6823e-320,0.0,0.0,0.0,-1.4868030874654266e-9,0.0,0.0,2.7120916781718496e-8,0.0,0.0,0.0,0.0,0.0,0.0,0.0,0.0,0.0,0.0
2.361e-320,-0.0,-0.0,-0.0,1.968117827749219e-9,-0.0,-0.0,-3.602822983151265e-8,-0.0,-0.0,-0.0,-0.0,-0.0,-0.0,-0.0,-0.0,-0.0,-0.0
-1.776e-320,-0.0,-0.0,-0.0,-1.4852134890417285e-9,-0.0,-0.0,2.7188257869248604e-8,-0.0,-0.0,-0.0,-0.0,-0.0,-0.0,-0.0,-0.0,-0.0,-0.0
2.3275e-320,-0.0,-0.0,-0.0,1.939850135964993e-9,-0.0,-0.0,-3.5510817792731224e-8,-0.0,-0.0,-0.0,-0.0,-0.0,-0.0,-0.0,-0.0,-0.0,-0.0
-7.89e-321,-0.0,-0.0,-0.0,-7.435407142835184e-10,-0.0,-0.0,1.351538472788106e-8,-0.0,-0.0,-0.0,-0.0,-0.0,-0.0,-0.0,-0.0,-0.0,-0.0
-8.824e-321,-0.0,-0.0,-0.0,-7.345055607687892e-10,-0.0,-0.0,1.3445828988720228e-8,-0.0,-0.0,-0.0,-0.0,-0.0,-0.0,-0.0,-0.0,-0.0,-0.0
2.2935127817e-314,-0.0,-0.0,-0.0,-0.0003288291121525894,-0.0,-0.0,0.01184152008709503,-0.0,-0.0,-0.0,-0.0,-0.0,-0.0,-0.0,-0.0,-0.0,-0.0
3.276478951e-314,-0.0,-0.0,-0.0,0.00025830694588436045,-0.0,-0.0,-0.0031131768885616544,-0.0,-0.0,-0.0,-0.0,-0.0,-0.0,-0.0,-0.0,-0.0,-0.0
8.097e-320,-0.0,-0.0,-0.0,6.7477567500440065e-9,-0.0,-0.0,-1.2352416077470116e-7,-0.0,-0.0,-0.0,-0.0,-0.0,-0.0,-0.0,-0.0,-0.0,-0.0
8.742e-320,-0.0,-0.0,-0.0,7.282821384659034e-9,-0.0,-0.0,-1.3331903230598752e-7,-0.0,-0.0,-0.0,-0.0,-0.0,-0.0,-0.0,-0.0,-0.0,-0.0
2.7291429684e-314,-0.0,-0.0,-0.0,-9.286413769692221e-5,-0.0,-0.0,0.005880803973723991,-0.0,-0.0,-0.0,-0.0,-0.0,-0.0,-0.0,-0.0,-0.0,-0.0
5.424e-320,0.0,0.0,0.0,4.518482803437696e-9,0.0,0.0,-8.271516255683458e-8,0.0,0.0,0.0,0.0,0.0,0.0,0.0,0.0,0.0,0.0
3.010056257e-315,-0.0,-0.0,-0.0,-2.6596364777528358e-5,-0.0,-0.0,0.00011059236865784388,-0.0,-0.0,-0.0,-0.0,-0.0,-0.0,-0.0,-0.0,-0.0,-0.0
2.309e-320,-0.0,-0.0,-0.0,1.911497155861615e-9,-0.0,-0.0,-3.4986298935424715e-8,-0.0,-0.0,-0.0,-0.0,-0.0,-0.0,-0.0,-0.0,-0.0,-0.0
7.3216e-320,-0.0,-0.0,-0.0,6.0998663244954984e-9,-0.0,-0.0,-1.1166390506246426e-7,-0.0,-0.0,-0.0,-0.0,-0.0,-0.0,-0.0,-0.0,-0.0,-0.0
2.3167e-320,-0.0,-0.0,-0.0,1.9310602097264783e-9,-0.0,-0.0,-3.534990974213791e-8,-0.0,-0.0,-0.0,-0.0,-0.0,-0.0,-0.0,-0.0,-0.0,-0.0
3.010018866e-315,0.0,0.0,0.0,-2.6599357758200893e-5,0.0,0.0,0.00011064733694998885,0.0,0.0,0.0,0.0,0.0,0.0,0.0,0.0,0.0,0.0
3.6526e-320,-0.0,-0.0,-0.0,3.041444128323349e-9,-0.0,-0.0,-5.567655261751948e-8,-0.0,-0.0,-0.0,-0.0,-0.0,-0.0,-0.0,-0.0,-0.0,-0.0
1.47e-321,-0.0,-0.0,-0.0,3.445090039819885e-11,-0.0,-0.0,-5.837089620532213e-10,-0.0,-0.0,-0.0,-0.0,-0.0,-0.0,-0.0,-0.0,-0.0,-0.0
2.3e-320,0.0,0.0,0.0,1.917380502392196e-9,0.0,0.0,-3.509948957168095e-8,0.0,0.0,0.0,0.0,0.0,0.0,0.0,0.0,0.0,0.0
6.4e-323,-0.0,-0.0,-0.0,5.662693143441053e-12,-0.0,-0.0,-1.0366100335256876e-10,-0.0,-0.0,-0.0,-0.0,-0.0,-0.0,-0.0,-0.0,-0.0,-0.0
2.2707e-320,-0.0,-0.0,-0.0,1.8962553816598317e-9,-0.0,-0.0,-3.471277396865963e-8,-0.0,-0.0,-0.0,-0.0,-0.0,-0.0,-0.0,-0.0,-0.0,-0.0
1.17e-321,-0.0,-0.0,-0.0,1.0664774440162181e-11,-0.0,-0.0,-1.482811254558742e-10,-0.0,-0.0,-0.0,-0.0,-0.0,-0.0,-0.0,-0.0,-0.0,-0.0
8.4e-323,0.0,0.0,0.0,5.8304448486858305e-12,0.0,0.0,-1.0673187133772115e-10,0.0,0.0,0.0,0.0,0.0,0.0,0.0,0.0,0.0,0.0
1.54667e-319,-0.0,-0.0,-0.0,1.2879645912157035e-8,-0.0,-0.0,-2.3577427471785472e-7,-0.0,-0.0,-0.0,-0.0,-0.0,-0.0,-0.0,-0.0,-0.0,-0.0
2.4155e-320,-0.0,-0.0,-0.0,2.0120127372118738e-9,-0.0,-0.0,-3.683182342216951e-8,-0.0,-0.0,-0.0,-0.0,-0.0,-0.0,-0.0,-0.0,-0.0,-0.0
-5.20879722e-315,-0.0,-0.0,-0.0,-2.9292998155624388e-5,-0.0,-0.0,0.0003765589638144471,-0.0,-0.0,-0.0,-0.0,-0.0,-0.0,-0.0,-0.0,-0.0,-0.0
-2.144693e-317,-0.0,-0.0,-0.0,1.4117280661746306e-7,-0.0,-0.0,-1.7167913852122845e-6,-0.0,-0.0,-0.0,-0.0,-0.0,-0.0,-0.0,-0.0,-0.0,-0.0
7.7366e-320,-0.0,-0.0,-0.0,6.443976407724382e-9,-0.0,-0.0,-1.1796317027408548e-7,-0.0,-0.0,-0.0,-0.0,-0.0,-0.0,-0.0,-0.0,-0.0,-0.0
-5.13734421e-315,-0.0,-0.0,-0.0,-2.8736027995100992e-5,-0.0,-0.0,0.00036950036170997093,-0.0,-0.0,-0.0,-0.0,-0.0,-0.0,-0.0,-0.0,-0.0,-0.0
-1.6583e-319,-0.0,-0.0,-0.0,-1.381038073247475e-8,-0.0,-0.0,2.528122685338686e-7,-0.0,-0.0,-0.0,-0.0,-0.0,-0.0,-0.0,-0.0,-0.0,-0.0
1.496e-320,-0.0,-0.0,-0.0,1.247695763939302e-9,-0.0,-0.0,-2.284026795974486e-8,-0.0,-0.0,-0.0,-0.0,-0.0,-0.0,-0.0,-0.0,-0.0,-0.0
-8.393115596e-315,-0.0,-0.0,-0.0,-0.00014694970768743126,-0.0,-0.0,0.0006012705783474138,-0.0,-0.0,-0.0,-0.0,-0.0,-0.0,-0.0,-0.0,-0.0,-0.0
-7.7265796e-316,-0.0,-0.0,-0.0,5.002343802183975e-6,-0.0,-0.0,-6.050403529170362e-5,-0.0,-0.0,-0.0,-0.0,-0.0,-0.0,-0.0,-0.0,-0.0,-0.0
-8.122e-320,-0.0,-0.0,-0.0,-6.762100553089376e-9,-0.0,-0.0,1.2378673795970828e-7,-0.0,-0.0,-0.0,-0.0,-0.0,-0.0,-0.0,-0.0,-0.0,-0.0
-7.36603144e-315,-0.0,-0.0,-0.0,-0.00011896429131563152,-0.0,-0.0,0.0004651003953999096,-0.0,-0.0,-0.0,-0.0,-0.0,-0.0,-0.0,-0.0,-0.0,-0.0
-1.19994e-319,-0.0,-0.0,-0.0,-9.996449043368897e-9,-0.0,-0.0,1.829945900514783e-7,-0.0,-0.0,-0.0,-0.0,-0.0,-0.0,-0.0,-0.0,-0.0,-0.0
2.362e-320,-0.0,-0.0,-0.0,1.9672987425776927e-9,-0.0,-0.0,-3.601329085489283e-8,-0.0,-0.0,-0.0,-0.0,-0.0,-0.0,-0.0,-0.0,-0.0,-0.0
-5.065116847e-315,-0.0,-0.0,-0.0,-1.1298378067993586e-5,-0.0,-0.0,0.00019700467058261377,-0.0,-0.0,-0.0,-0.0,-0.0,-0.0,-0.0,-0.0,-0.0,-0.0
2.3518e-320,-0.0,-0.0,-0.0,1.95807954602634e-9,-0.0,-0.0,-3.5844524612968476e-8,-0.0,-0.0,-0.0,-0.0,-0.0,-0.0,-0.0,-0.0,-0.0,-0.0
-5.9767e-320,-0.0,-0.0,-0.0,-4.978533165642447e-9,-0.0,-0.0,9.113682586125401e-8,-0.0,-0.0,-0.0,-0.0,-0.0,-0.0,-0.0,-0.0,-0.0,-0.0
-5.065056274e-315,-0.0,-0.0,-0.0,-1.1293333401789241e-5,-0.0,-0.0,0.00019691232312803086,-0.0,-0.0,-0.0,-0.0,-0.0,-0.0,-0.0,-0.0,-0.0,-0.0
-1.7529e-319,-0.0,-0.0,-0.0,-1.4610024126684751e-8,-0.0,-0.0,2.674505080327935e-7,-0.0,-0.0,-0.0,-0.0,-0.0,-0.0,-0.0,-0.0,-0.0,-0.0
2.3537e-320,-0.0,-0.0,-0.0,1.9581558281070373e-9,-0.0,-0.0,-3.5845921026867495e-8,-0.0,-0.0,-0.0,-0.0,-0.0,-0.0,-0.0,-0.0,-0.0,-0.0
-9.33195527e-315,-0.0,-0.0,-0.0,-4.388160143292258e-5,-0.0,-0.0,0.0009299444725879394,-0.0,-0.0,-0.0,-0.0,-0.0,-0.0,-0.0,-0.0,-0.0,-0.0
2.359e-320,-0.0,-0.0,-0.0,1.962361147075358e-9,-0.0,-0.0,-3.592290342821803e-8,-0.0,-0.0,-0.0,-0.0,-0.0,-0.0,-0.0,-0.0,-0.0,-0.0
-8.773e-320,-0.0,-0.0,-0.0,-7.312923321223247e-9,-0.0,-0.0,1.3387007718015576e-7,-0.0,-0.0,-0.0,-0.0,-0.0,-0.0,-0.0,-0.0,-0.0,-0.0
-9.33186643e-315,-0.0,-0.0,-0.0,-4.3874197698648536e-5,-0.0,-0.0,0.0009298089401291455,-0.0,-0.0,-0.0,-0.0,-0.0,-0.0,-0.0,-0.0,-0.0,-0.0
6.7563e-320,-0.0,-0.0,-0.0,5.625531324100331e-9,-0.0,-0.0,-1.0298074777560488e-7,-0.0,-0.0,-0.0,-0.0,-0.0,-0.0,-0.0,-0.0,-0.0,-0.0
2.309e-320,-0.0,-0.0,-0.0,1.921896282124588e-9,-0.0,-0.0,-3.518215525328901e-8,-0.0,-0.0,-0.0,-0.0,-0.0,-0.0,-0.0,-0.0,-0.0,-0.0
-1.921173874e-315,-0.0,-0.0,-0.0,-7.159906548466456e-6,-0.0,-0.0,0.0001103544114216009,-0.0,-0.0,-0.0,-0.0,-0.0,-0.0,-0.0,-0.0,-0.0,-0.0
-1.020809e-317,-0.0,-0.0,-0.0,6.829414545796947e-8,-0.0,-0.0,-8.365743746207365e-7,-0.0,-0.0,-0.0,-0.0,-0.0,-0.0,-0.0,-0.0,-0.0,-0.0
3.414e-320,-0.0,-0.0,-0.0,2.8417484236188755e-9,-0.0,-0.0,-5.2020931143865424e-8,-0.0,-0.0,-0.0,-0.0,-0.0,-0.0,-0.0,-0.0,-0.0,-0.0
-1.890140014e-315,-0.0,-0.0,-0.0,-6.98193437502961e-6,-0.0,-0.0,0.00010775597694351983,-0.0,-0.0,-0.0,-0.0,-0.0,-0.0,-0.0,-0.0,-0.0,-0.0
-2.00936e-319,-0.0,-0.0,-0.0,-1.673810919679092e-8,-0.0,-0.0,3.064071468010242e-7,-0.0,-0.0,-0.0,-0.0,-0.0,-0.0,-0.0,-0.0,-0.0,-0.0
2.3236e-320,-0.0,-0.0,-0.0,1.9371348598238602e-9,-0.0,-0.0,-3.546111203519029e-8,-0.0,-0.0,-0.0,-0.0,-0.0,-0.0,-0.0,-0.0,-0.0,-0.0
-1.140974606e-314,-0.0,-0.0,-0.0,-3.37914963671167e-5,-0.0,-0.0,0.0009617720752074262,-0.0,-0.0,-0.0,-0.0,-0.0,-0.0,-0.0,-0.0,-0.0,-0.0
-2.63144e-319,-0.0,-0.0,-0.0,3.786521426770451e-9,-0.0,-0.0,-5.7728748430791116e-8,-0.0,-0.0,-0.0,-0.0,-0.0,-0.0,-0.0,-0.0,-0.0,-0.0
-1.00473e-319,-0.0,-0.0,-0.0,-8.36823027745074e-9,-0.0,-0.0,1.5318848341640512e-7,-0.0,-0.0,-0.0,-0.0,-0.0,-0.0,-0.0,-0.0,-0.0,-0.0
-1.1407888925e-314,-0.0,-0.0,-0.0,-3.377605825266467e-5,-0.0,-0.0,0.0009614385901286475,-0.0,-0.0,-0.0,-0.0,-0.0,-0.0,-0.0,-0.0,-0.0,-0.0
1.36827e-319,-0.0,-0.0,-0.0,1.1397420255912968e-8,-0.0,-0.0,-2.0864071211761855e-7,-0.0,-0.0,-0.0,-0.0,-0.0,-0.0,-0.0,-0.0,-0.0,-0.0
2.3567e-320,-0.0,-0.0,-0.0,1.9642123947314734e-9,-0.0,-0.0,-3.595679229150223e-8,-0.0,-0.0,-0.0,-0.0,-0.0,-0.0,-0.0,-0.0,-0.0,-0.0
-1.05373525e-316,-0.0,-0.0,-0.0,-2.756685942185279e-7,-0.0,-0.0,6.133307198970752e-6,-0.0,-0.0,-0.0,-0.0,-0.0,-0.0,-0.0,-0.0,-0.0,-0.0
2.3187e-320,0.0,0.0,0.0,1.9315251166361634e-9,0.0,0.0,-3.535842030833988e-8,0.0,0.0,0.0,0.0,0.0,0.0,0.0,0.0,0.0,0.0
6.843e-320,-0.0,-0.0,-0.0,5.698970979948238e-9,-0.0,-0.0,-1.043251312047077e-7,-0.0,-0.0,-0.0,-0.0,-0.0,-0.0,-0.0,-0.0,-0.0,-0.0
-1.0544191e-316,-0.0,-0.0,-0.0,-2.813664277845146e-7,-0.0,-0.0,6.237611508721159e-6,-0.0,-0.0,-0.0,-0.0,-0.0,-0.0,-0.0,-0.0,-0.0,-0.0
-6.203307347e-315,-0.0,-0.0,-0.0,0.0011066659342043427,-0.0,-0.0,0.009459321622696429,-0.0,-0.0,-0.0,-0.0,-0.0,-0.0,-0.0,-0.0,-0.0,-0.0
1.29333476e-316,-0.0,-0.0,-0.0,-7.321165916984614e-5,-0.0,-0.0,-0.0004007406298501556,-0.0,-0.0,-0.0,-0.0,-0.0,-0.0,-0.0,-0.0,-0.0,-0.0
6.6160153e-316,-0.0,-0.0,-0.0,-3.8582853360356274e-5,-0.0,-0.0,-0.002050126761043722,-0.0,-0.0,-0.0,-0.0,-0.0,-0.0,-0.0,-0.0,-0.0,-0.0
-6.20329085e-315,-0.0,-0.0,-0.0,0.0016319143149050891,-0.0,-0.0,0.009459296455404104,-0.0,-0.0,-0.0,-0.0,-0.0,-0.0,-0.0,-0.0,-0.0,-0.0
1.6556214e-317,-0.0,-0.0,-0.0,-7.372457696047706e-5,-0.0,-0.0,-0.0002853263946245051,-0.0,-0.0,-0.0,-0.0,-0.0,-0.0,-0.0,-0.0,-0.0,-0.0
5.9890845e-317,-0.0,-0.0,-0.0,-4.678421191996319e-5,-0.0,-0.0,-0.0010330955561252307,-0.0,-0.0,-0.0,-0.0,-0.0,-0.0,-0.0,-0.0,-0.0,-0.0
-6.20339334e-315,-0.0,-0.0,-0.0,0.0013598496765504307,-0.0,-0.0,0.009459452664297296,-0.0,-0.0,-0.0,-0.0,-0.0,-0.0,-0.0,-0.0,-0.0,-0.0
1.49053805e-315,-0.0,-0.0,-0.0,-0.0007509527376862123,-0.0,-0.0,-0.008346899575173001,-0.0,-0.0,-0.0,-0.0,-0.0,-0.0,-0.0,-0.0,-0.0,-0.0
6.395822116e-315,-0.0,-0.0,-0.0,-0.0003133488082089806,-0.0,-0.0,-0.03581646130977868,-0.0,-0.0,-0.0,-0.0,-0.0,-0.0,-0.0,-0.0,-0.0,-0.0
-6.20323316e-315,-0.0,-0.0,-0.0,0.0003480923232312554,-0.0,-0.0,0.009459208385541353,-0.0,-0.0,-0.0,-0.0,-0.0,-0.0,-0.0,-0.0,-0.0,-0.0
8.87653e-317,0.0,0.0,0.0,-7.945475668950241e-5,0.0,0.0,-0.0001683563080987367,0.0,0.0,0.0,0.0,0.0,0.0,0.0,0.0,0.0,0.0
9.30130307e-316,-0.0,-0.0,-0.0,-7.608394521275516e-6,-0.0,-0.0,-0.0017642112111148787,-0.0,-0.0,-0.0,-0.0,-0.0,-0.0,-0.0,-0.0,-0.0,-0.0
-6.203305643e-315,-0.0,-0.0,-0.0,-0.00010269281225485394,-0.0,-0.0,0.009459318982591699,-0.0,-0.0,-0.0,-0.0,-0.0,-0.0,-0.0,-0.0,-0.0,-0.0
-6.764367e-317,-0.0,-0.0,-0.0,-1.5459170088985985e-5,-0.0,-0.0,-3.467450573335907e-5,-0.0,-0.0,-0.0,-0.0,-0.0,-0.0,-0.0,-0.0,-0.0,-0.0
-1.555014536e-315,-0.0,-0.0,-0.0,1.134418702898966e-5,-0.0,-0.0,-0.0007960750903120942,-0.0,-0.0,-0.0,-0.0,-0.0,-0.0,-0.0,-0.0,-0.0,-0.0
-6.203279e-315,-0.0,-0.0,-0.0,0.00027064187049621814,-0.0,-0.0,0.009459278392432867,-0.0,-0.0,-0.0,-0.0,-0.0,-0.0,-0.0,-0.0,-0.0,-0.0
-7.998653e-317,0.0,0.0,0.0,-1.648093437344836e-5,0.0,0.0,-3.226710258371799e-5,0.0,0.0,0.0,0.0,0.0,0.0,0.0,0.0,0.0,0.0
-9.28919303e-316,-0.0,-0.0,-0.0,-5.051070445247109e-6,-0.0,-0.0,-0.00037425341142677704,-0.0,-0.0,-0.0,-0.0,-0.0,-0.0,-0.0,-0.0,-0.0,-0.0
-6.203362727e-315,-0.0,-0.0,-0.0,0.003190769959309537,-0.0,-0.0,0.009459405922686593,-0.0,-0.0,-0.0,-0.0,-0.0,-0.0,-0.0,-0.0,-0.0,-0.0
-1.471835803e-315,0.0,0.0,0.0,-0.00047609032637322633,0.0,0.0,-0.0007969682151963762,0.0,0.0,0.0,0.0,0.0,0.0,0.0,0.0,0.0,0.0
-2.469894973e-315,-0.0,-0.0,-0.0,-0.0002468496833480822,-0.0,-0.0,-0.0013373605982975264,-0.0,-0.0,-0.0,-0.0,-0.0,-0.0,-0.0,-0.0,-0.0,-0.0
-6.20325924e-315,-0.0,-0.0,-0.0,-0.00047403560762818115,-0.0,-0.0,0.009459248338576318,-0.0,-0.0,-0.0,-0.0,-0.0,-0.0,-0.0,-0.0,-0.0,-0.0
-8.736227e-318,-0.0,-0.0,-0.0,-1.649175931710622e-6,-0.0,-0.0,-2.5373376852935025e-6,-0.0,-0.0,-0.0,-0.0,-0.0,-0.0,-0.0,-0.0,-0.0,-0.0
-2.02838321e-315,0.0,0.0,0.0,2.8697593411468157e-5,0.0,0.0,-0.0005792451435996142,0.0,0.0,0.0,0.0,0.0,0.0,0.0,0.0,0.0,0.0
-6.203276755e-315,-0.0,-0.0,-0.0,-7.091743224820392e-5,-0.0,-0.0,0.009459274970942321,-0.0,-0.0,-0.0,-0.0,-0.0,-0.0,-0.0,-0.0,-0.0,-0.0
-1.6048146e-317,0.0,0.0,0.0,-2.6458120642468515e-6,0.0,0.0,-5.097258116336663e-6,0.0,0.0,0.0,0.0,0.0,0.0,0.0,0.0,0.0,0.0
-3.418383e-316,-0.0,-0.0,-0.0,1.2787601259533464e-6,-0.0,-0.0,-0.00010771599044578056,-0.0,-0.0,-0.0,-0.0,-0.0,-0.0,-0.0,-0.0,-0.0,-0.0
-6.203302945e-315,0.0,0.0,0.0,0.00011177499603373092,0.0,0.0,0.009459314922988767,0.0,0.0,0.0,0.0,0.0,0.0,0.0,0.0,0.0,0.0
-8.8967345e-317,-0.0,-0.0,-0.0,-2.7556662742545164e-5,-0.0,-0.0,-6.582685457404677e-5,-0.0,-0.0,-0.0,-0.0,-0.0,-0.0,-0.0,-0.0,-0.0,-0.0
-1.31684334e-315,-0.0,-0.0,-0.0,-8.177716237987264e-6,-0.0,-0.0,-0.0009735993029546159,-0.0,-0.0,-0.0,-0.0,-0.0,-0.0,-0.0,-0.0,-0.0,-0.0
-6.20328192e-315,-0.0,-0.0,-0.0,-0.00012850638468521965,-0.0,-0.0,0.009459282912675107,-0.0,-0.0,-0.0,-0.0,-0.0,-0.0,-0.0,-0.0,-0.0,-0.0
-4.567661e-317,-0.0,-0.0,-0.0,-6.266857508565158e-6,-0.0,-0.0,-9.793073146416737e-6,-0.0,-0.0,-0.0,-0.0,-0.0,-0.0,-0.0,-0.0,-0.0,-0.0
-1.12308098e-315,-0.0,-0.0,-0.0,3.624943837578705e-6,-0.0,-0.0,-0.00023981787970749944,-0.0,-0.0,-0.0,-0.0,-0.0,-0.0,-0.0,-0.0,-0.0,-0.0
-6.203276004e-315,-0.0,-0.0,-0.0,-7.290317582962304e-5,-0.0,-0.0,0.009459273737030557,-0.0,-0.0,-0.0,-0.0,-0.0,-0.0,-0.0,-0.0,-0.0,-0.0
-3.18801e-318,0.0,0.0,0.0,-2.9445190829026008e-6,0.0,0.0,-4.636557261925203e-6,0.0,0.0,0.0,0.0,0.0,0.0,0.0,0.0,0.0,0.0
-6.8608564e-317,-0.0,-0.0,-0.0,8.975635990025489e-7,-0.0,-0.0,-9.836262990565924e-5,-0.0,-0.0,-0.0,-0.0,-0.0,-0.0,-0.0,-0.0,-0.0,-0.0
-5.786640583e-315,-0.0,-0.0,-0.0,-0.00048064482614314913,-0.0,-0.0,0.018075446365179427,-0.0,-0.0,-0.0,-0.0,-0.0,-0.0,-0.0,-0.0,-0.0,-0.0
3.3617664526e-314,0.0,0.0,0.0,-0.0002250945273361863,0.0,0.0,0.013635756154532075,0.0,0.0,0.0,0.0,0.0,0.0,0.0,0.0,0.0,0.0
-3.9184661833e-314,0.0,0.0,0.0,-0.00026714316708276804,0.0,0.0,0.0027942841955681196,0.0,0.0,0.0,0.0,0.0,0.0,0.0,0.0,0.0,0.0
-8.245453e-316,-0.0,-0.0,-0.0,6.626460700436152e-6,-0.0,-0.0,-0.00015029930901693642,-0.0,-0.0,-0.0,-0.0,-0.0,-0.0,-0.0,-0.0,-0.0,-0.0
3.213219261e-314,-0.0,-0.0,-0.0,0.0003326714931600187,-0.0,-0.0,-0.007518815620852182,-0.0,-0.0,-0.0,-0.0,-0.0,-0.0,-0.0,-0.0,-0.0,-0.0
-4.01392964e-315,0.0,0.0,0.0,-0.0006676286714040462,0.0,0.0,0.01926182600588553,0.0,0.0,0.0,0.0,0.0,0.0,0.0,0.0,0.0,0.0
-1.3340693944e-314,0.0,0.0,0.0,-3.213018581201553e-5,0.0,0.0,-0.012892792447890988,0.0,0.0,0.0,0.0,0.0,0.0,0.0,0.0,0.0,0.0
-1.492720336e-314,-0.0,-0.0,-0.0,3.032732394603713e-5,-0.0,-0.0,0.012185621930148362,-0.0,-0.0,-0.0,-0.0,-0.0,-0.0,-0.0,-0.0,-0.0,-0.0
4.09109009e-315,0.0,0.0,0.0,0.00012246246978127258,0.0,0.0,-0.022291631649801063,0.0,0.0,0.0,0.0,0.0,0.0,0.0,0.0,0.0,0.0
-8.075764945e-315,-0.0,-0.0,-0.0,0.0003761811242250698,-0.0,-0.0,-0.01119199377841699,-0.0,-0.0,-0.0,-0.0,-0.0,-0.0,-0.0,-0.0,-0.0,-0.0
-0.0,-0.0,-0.0,-0.0,4.473245067123151e-20,-0.0,-0.0,-1.0854318193416545e-18,-0.0,-0.0,-0.0,-0.0,-0.0,-0.0,-0.0,-0.0,-0.0,-0.0
-1.5184108086e-314,-0.0,-0.0,-0.0,-0.000485852685598308,-0.0,-0.0,0.020461247513475125,-0.0,-0.0,-0.0,-0.0,-0.0,-0.0,-0.0,-0.0,-0.0,-0.0
-9.715914714e-315,0.0,0.0,0.0,-0.0030350220101135797,0.0,0.0,0.08889369012857824,0.0,0.0,0.0,0.0,0.0,0.0,0.0,0.0,0.0,0.0
-5.212130205e-315,-0.0,-0.0,-0.0,-0.0004866832056647213,-0.0,-0.0,0.015917270361665074,-0.0,-0.0,-0.0,-0.0,-0.0,-0.0,-0.0,-0.0,-0.0,-0.0
-3.922701335e-314,-0.0,-0.0,-0.0,-0.00025189094514348003,-0.0,-0.0,0.0027287151862414863,-0.0,-0.0,-0.0,-0.0,-0.0,-0.0,-0.0,-0.0,-0.0,-0.0
3.4014888493e-314,0.0,0.0,0.0,-0.000234791809883262,0.0,0.0,0.013188546926063003,0.0,0.0,0.0,0.0,0.0,0.0,0.0,0.0,0.0,0.0
-5.564772045e-315,-0.0,-0.0,-0.0,-0.0014840793866435303,-0.0,-0.0,0.04283975282679018,-0.0,-0.0,-0.0,-0.0,-0.0,-0.0,-0.0,-0.0,-0.0,-0.0
-2.4652060486e-314,-0.0,-0.0,-0.0,-0.0003293275596099927,-0.0,-0.0,0.034287196870975575,-0.0,-0.0,-0.0,-0.0,-0.0,-0.0,-0.0,-0.0,-0.0,-0.0
-1.886542157e-314,-0.0,-0.0,-0.0,0.0001513171268886606,-0.0,-0.0,0.016211753062122632,-0.0,-0.0,-0.0,-0.0,-0.0,-0.0,-0.0,-0.0,-0.0,-0.0
-4.155386456e-315,-0.0,-0.0,-0.0,-0.0015520653247693532,-0.0,-0.0,0.0461192675468171,-0.0,-0.0,-0.0,-0.0,-0.0,-0.0,-0.0,-0.0,-0.0,-0.0
5.415541e-317,0.0,0.0,0.0,-1.7911752627710875e-6,0.0,0.0,-1.8042520576075412e-5,0.0,0.0,0.0,0.0,0.0,0.0,0.0,0.0,0.0,0.0
-8.085567064e-315,0.0,0.0,0.0,-0.0013448269533302161,0.0,0.0,0.038799440775792476,0.0,0.0,0.0,0.0,0.0,0.0,0.0,0.0,0.0,0.0
-4.014101976e-315,0.0,0.0,0.0,-0.0006676430346626798,0.0,0.0,0.0192620889391145,0.0,0.0,0.0,0.0,0.0,0.0,0.0,0.0,0.0,0.0
3.767168039e-314,0.0,0.0,0.0,-0.00035947170910873407,0.0,0.0,-0.03107781017280509,0.0,0.0,0.0,0.0,0.0,0.0,0.0,0.0,0.0,0.0
-1.3320194034e-314,-0.0,-0.0,-0.0,0.00014113664836330658,-0.0,-0.0,0.004780853020166761,-0.0,-0.0,-0.0,-0.0,-0.0,-0.0,-0.0,-0.0,-0.0,-0.0
3.635259623e-315,-0.0,-0.0,-0.0,-0.0006107421940665116,-0.0,-0.0,0.013054840914706392,-0.0,-0.0,-0.0,-0.0,-0.0,-0.0,-0.0,-0.0,-0.0,-0.0
3.1992273007e-314,0.0,0.0,0.0,-0.001975313203994714,0.0,0.0,-0.05147428282074587,0.0,0.0,0.0,0.0,0.0,0.0,0.0,0.0,0.0,0.0
6.8462641e-316,-0.0,-0.0,-0.0,-0.002314611098752537,-0.0,-0.0,-0.04380516897332575,-0.0,-0.0,-0.0,-0.0,-0.0,-0.0,-0.0,-0.0,-0.0,-0.0
3.649296775e-314,-0.0,-0.0,-0.0,-0.00179544747980519,-0.0,-0.0,0.05973754403938736,-0.0,-0.0,-0.0,-0.0,-0.0,-0.0,-0.0,-0.0,-0.0,-0.0
-4.6208882506e-314,-0.0,-0.0,-0.0,-0.001239574531147222,-0.0,-0.0,0.029156146104546428,-0.0,-0.0,-0.0,-0.0,-0.0,-0.0,-0.0,-0.0,-0.0,-0.0
-4.014079234e-315,-0.0,-0.0,-0.0,0.009261413793484807,-0.0,-0.0,0.01926205422292082,-0.0,-0.0,-0.0,-0.0,-0.0,-0.0,-0.0,-0.0,-0.0,-0.0
3.90791336e-316,0.0,0.0,0.0,-0.0015604642150302767,0.0,0.0,-0.007950742290856851,0.0,0.0,0.0,0.0,0.0,0.0,0.0,0.0,0.0,0.0
2.9351067e-316,-0.0,-0.0,-0.0,-0.000754173909698049,-0.0,-0.0,-0.035853931946054275,-0.0,-0.0,-0.0,-0.0,-0.0,-0.0,-0.0,-0.0,-0.0,-0.0
-1.503194426e-314,0.0,0.0,0.0,0.0004004332500823398,0.0,0.0,-0.0015525822569111435,0.0,0.0,0.0,0.0,0.0,0.0,0.0,0.0,0.0,0.0
-1.218272698e-314,0.0,0.0,0.0,0.0004418334193792141,0.0,0.0,-0.016292966346432354,0.0,0.0,0.0,0.0,0.0,0.0,0.0,0.0,0.0,0.0
-1.263420057e-314,-0.0,-0.0,-0.0,0.0004185433120104153,-0.0,-0.0,-0.0033875939249442006,-0.0,-0.0,-0.0,-0.0,-0.0,-0.0,-0.0,-0.0,-0.0,-0.0
3.11278667e-315,-0.0,-0.0,-0.0,-3.638071949056556e-5,-0.0,-0.0,0.0008449114874489806,-0.0,-0.0,-0.0,-0.0,-0.0,-0.0,-0.0,-0.0,-0.0,-0.0
-2.391e-320,0.0,0.0,0.0,-1.9881334577228135e-9,0.0,0.0,3.639469024062296e-8,0.0,0.0,0.0,0.0,0.0,0.0,0.0,0.0,0.0,0.0
3.60459229e-315,0.0,0.0,0.0,-4.693786005499823e-5,0.0,0.0,0.0010887461741451094,0.0,0.0,0.0,0.0,0.0,0.0,0.0,0.0,0.0,0.0
3.451286e-316,0.0,0.0,0.0,3.569548367338615e-6,0.0,0.0,-8.078892563530521e-5,0.0,0.0,0.0,0.0,0.0,0.0,0.0,0.0,0.0,0.0
-4.6684e-320,-0.0,-0.0,-0.0,-3.881636375965215e-9,-0.0,-0.0,7.105707766550806e-8,-0.0,-0.0,-0.0,-0.0,-0.0,-0.0,-0.0,-0.0,-0.0,-0.0
-1.814e-320,0.0,0.0,0.0,-1.5087002001669774e-9,0.0,0.0,2.7618204563550116e-8,0.0,0.0,0.0,0.0,0.0,0.0,0.0,0.0,0.0,0.0
1.709260215e-315,0.0,0.0,0.0,3.410190029530989e-5,0.0,0.0,-0.0013829642541661963,0.0,0.0,0.0,0.0,0.0,0.0,0.0,0.0,0.0,0.0
7.41854198e-315,0.0,0.0,0.0,-0.0002031382482698593,0.0,0.0,0.003166736511036701,0.0,0.0,0.0,0.0,0.0,0.0,0.0,0.0,0.0,0.0
4.761227784e-315,-0.0,-0.0,-0.0,-0.0001405032359817277,-0.0,-0.0,0.005489548005533161,-0.0,-0.0,-0.0,-0.0,-0.0,-0.0,-0.0,-0.0,-0.0,-0.0
9.3503456e-316,0.0,0.0,0.0,-0.00012166972402903223,0.0,0.0,-0.0019674680774276706,0.0,0.0,0.0,0.0,0.0,0.0,0.0,0.0,0.0,0.0
-1.1370780663e-314,-0.0,-0.0,-0.0,0.00037668896824257566,-0.0,-0.0,-0.00304883430240248,-0.0,-0.0,-0.0,-0.0,-0.0,-0.0,-0.0,-0.0,-0.0,-0.0
-1.518408511e-314,-0.0,-0.0,-0.0,-0.00048585077237979507,-0.0,-0.0,0.020461212490174754,-0.0,-0.0,-0.0,-0.0,-0.0,-0.0,-0.0,-0.0,-0.0,-0.0
-4.013945797e-315,0.0,0.0,0.0,0.0009557704636251477,0.0,0.0,0.019261850651283226,0.0,0.0,0.0,0.0,0.0,0.0,0.0,0.0,0.0,0.0
1.52864e-316,-0.0,-0.0,-0.0,-7.48287359214426e-5,-0.0,-0.0,-0.0003216594493332361,-0.0,-0.0,-0.0,-0.0,-0.0,-0.0,-0.0,-0.0,-0.0,-0.0
7.82140314e-316,-0.0,-0.0,-0.0,-4.6843509705398445e-5,-0.0,-0.0,-0.0016457624678273876,-0.0,-0.0,-0.0,-0.0,-0.0,-0.0,-0.0,-0.0,-0.0,-0.0
-1.29974591e-314,-0.0,-0.0,-0.0,0.000452603200003957,-0.0,-0.0,0.006177614544477893,-0.0,-0.0,-0.0,-0.0,-0.0,-0.0,-0.0,-0.0,-0.0,-0.0
-1.2486324874e-314,-0.0,-0.0,-0.0,0.0003338353076049809,-0.0,-0.0,-0.0018131435277414657,-0.0,-0.0,-0.0,-0.0,-0.0,-0.0,-0.0,-0.0,-0.0,-0.0
-1.2926339506e-314,-0.0,-0.0,-0.0,0.00045111555244519347,-0.0,-0.0,0.006122556581026627,-0.0,-0.0,-0.0,-0.0,-0.0,-0.0,-0.0,-0.0,-0.0,-0.0
5.253e-320,-0.0,-0.0,-0.0,4.28095865805383e-9,-0.0,-0.0,-7.845243931485026e-8,-0.0,-0.0,-0.0,-0.0,-0.0,-0.0,-0.0,-0.0,-0.0,-0.0
5.156e-320,-0.0,-0.0,-0.0,4.291839445308649e-9,-0.0,-0.0,-7.856623842088398e-8,-0.0,-0.0,-0.0,-0.0,-0.0,-0.0,-0.0,-0.0,-0.0,-0.0
1.04085e-319,0.0,0.0,0.0,8.576637485251884e-9,0.0,0.0,-1.5708943351912338e-7,0.0,0.0,0.0,0.0,0.0,0.0,0.0,0.0,0.0,0.0
-1.514e-320,-0.0,-0.0,-0.0,-1.258120848829731e-9,-0.0,-0.0,2.303106013861978e-8,-0.0,-0.0,-0.0,-0.0,-0.0,-0.0,-0.0,-0.0,-0.0,-0.0
1.03146e-319,-0.0,-0.0,-0.0,8.585335861040814e-9,-0.0,-0.0,-1.5716280926653047e-7,-0.0,-0.0,-0.0,-0.0,-0.0,-0.0,-0.0,-0.0,-0.0,-0.0
-1.505e-320,0.0,0.0,0.0,-1.2561867374074153e-9,0.0,0.0,2.2995703338373e-8,0.0,0.0,0.0,0.0,0.0,0.0,0.0,0.0,0.0,0.0
7.05055935e-316,-0.0,-0.0,-0.0,2.4181828413088593e-5,-0.0,-0.0,-0.0004911977963486938,-0.0,-0.0,-0.0,-0.0,-0.0,-0.0,-0.0,-0.0,-0.0,-0.0
2.892043065e-315,0.0,0.0,0.0,-0.0001559426018224403,0.0,0.0,0.002277008317445072,0.0,0.0,0.0,0.0,0.0,0.0,0.0,0.0,0.0,0.0
1.96949214e-315,0.0,0.0,0.0,-8.448809824983368e-5,0.0,0.0,0.003156808444447156,0.0,0.0,0.0,0.0,0.0,0.0,0.0,0.0,0.0,0.0
1.66877174e-316,0.0,0.0,0.0,-0.0001281313158485981,0.0,0.0,-0.0008972696337286014,0.0,0.0,0.0,0.0,0.0,0.0,0.0,0.0,0.0,0.0
-1.163370559e-314,-0.0,-0.0,-0.0,0.0004060039939703833,-0.0,-0.0,0.005510300982057537,-0.0,-0.0,-0.0,-0.0,-0.0,-0.0,-0.0,-0.0,-0.0,-0.0
-1.5184112414e-314,-0.0,-0.0,-0.0,-0.00048585304864643097,-0.0,-0.0,0.020461254159419306,-0.0,-0.0,-0.0,-0.0,-0.0,-0.0,-0.0,-0.0,-0.0,-0.0
-4.01395227e-315,-0.0,-0.0,-0.0,0.0014810169290839538,-0.0,-0.0,0.019261860544343666,-0.0,-0.0,-0.0,-0.0,-0.0,-0.0,-0.0,-0.0,-0.0,-0.0
3.6097805e-317,-0.0,-0.0,-0.0,-7.537637773575049e-5,-0.0,-0.0,-0.00019414718690906752,-0.0,-0.0,-0.0,-0.0,-0.0,-0.0,-0.0,-0.0,-0.0,-0.0
1.30749295e-316,0.0,0.0,0.0,-5.275744080322844e-5,0.0,0.0,-0.0007030766326711361,0.0,0.0,0.0,0.0,0.0,0.0,0.0,0.0,0.0,0.0
-1.3371083463e-314,-0.0,-0.0,-0.0,-9.94303111555439e-5,-0.0,-0.0,-0.017001860062718387,-0.0,-0.0,-0.0,-0.0,-0.0,-0.0,-0.0,-0.0,-0.0,-0.0
-1.169628325e-314,0.0,0.0,0.0,0.0005625170909415104,0.0,0.0,-0.0181796737359846,0.0,0.0,0.0,0.0,0.0,0.0,0.0,0.0,0.0,0.0
-1.013760482e-314,0.0,0.0,0.0,0.000818766645466581,0.0,0.0,-0.04705047472799652,0.0,0.0,0.0,0.0,0.0,0.0,0.0,0.0,0.0,0.0
2.7772965593e-314,-0.0,-0.0,-0.0,-0.00016797518595651733,-0.0,-0.0,0.012354716671283088,-0.0,-0.0,-0.0,-0.0,-0.0,-0.0,-0.0,-0.0,-0.0,-0.0
4.345e-320,-0.0,-0.0,-0.0,3.6212568625036867e-9,-0.0,-0.0,-6.629058098066525e-8,-0.0,-0.0,-0.0,-0.0,-0.0,-0.0,-0.0,-0.0,-0.0,-0.0
2.4394895093e-314,0.0,0.0,0.0,-0.0005011229197562032,0.0,0.0,0.02548625350033446,0.0,0.0,0.0,0.0,0.0,0.0,0.0,0.0,0.0,0.0
3.178722858e-314,-0.0,-0.0,-0.0,0.0003291156650536049,-0.0,-0.0,-0.0074382778528165,-0.0,-0.0,-0.0,-0.0,-0.0,-0.0,-0.0,-0.0,-0.0,-0.0
1.096e-319,-0.0,-0.0,-0.0,9.132714253177137e-9,-0.0,-0.0,-1.6718309603882968e-7,-0.0,-0.0,-0.0,-0.0,-0.0,-0.0,-0.0,-0.0,-0.0,-0.0
3.632e-320,-0.0,-0.0,-0.0,3.0279946529694976e-9,-0.0,-0.0,-5.543034708620203e-8,-0.0,-0.0,-0.0,-0.0,-0.0,-0.0,-0.0,-0.0,-0.0,-0.0
4.410860924e-315,0.0,0.0,0.0,0.0001327697688897912,0.0,0.0,-0.00810030709100021,0.0,0.0,0.0,0.0,0.0,0.0,0.0,0.0,0.0,0.0
2.8388315457e-314,0.0,0.0,0.0,-0.001099569675874931,0.0,0.0,0.04555529406136877,0.0,0.0,0.0,0.0,0.0,0.0,0.0,0.0,0.0,0.0
1.470661739e-314,-0.0,-0.0,-0.0,-0.0003068471389759732,-0.0,-0.0,-0.0021144761006693974,-0.0,-0.0,-0.0,-0.0,-0.0,-0.0,-0.0,-0.0,-0.0,-0.0
9.13202116e-315,0.0,0.0,0.0,-0.0011736044677878022,0.0,0.0,-0.03529650750411196,0.0,0.0,0.0,0.0,0.0,0.0,0.0,0.0,0.0,0.0
-9.12384457e-315,-0.0,-0.0,-0.0,0.0007368899616425385,-0.0,-0.0,-0.042345426902305826,-0.0,-0.0,-0.0,-0.0,-0.0,-0.0,-0.0,-0.0,-0.0,-0.0
-1.518419562e-314,0.0,0.0,0.0,-0.0004858599792555619,0.0,0.0,0.02046138103086844,0.0,0.0,0.0,0.0,0.0,0.0,0.0,0.0,0.0,0.0
-4.013783314e-315,-0.0,-0.0,-0.0,0.001208974902378974,-0.0,-0.0,0.019261602825290672,-0.0,-0.0,-0.0,-0.0,-0.0,-0.0,-0.0,-0.0,-0.0,-0.0
1.725957144e-315,0.0,0.0,0.0,-0.0007716118921027462,0.0,0.0,-0.0066710477709571794,0.0,0.0,0.0,0.0,0.0,0.0,0.0,0.0,0.0,0.0
7.40609714e-315,-0.0,-0.0,-0.0,-0.00040198981678334967,-0.0,-0.0,-0.02862551023749733,-0.0,-0.0,-0.0,-0.0,-0.0,-0.0,-0.0,-0.0,-0.0,-0.0
-9.96808888e-315,-0.0,-0.0,-0.0,0.00016874851928472503,-0.0,-0.0,0.015252165260384525,-0.0,-0.0,-0.0,-0.0,-0.0,-0.0,-0.0,-0.0,-0.0,-0.0
-1.2261770314e-314,0.0,0.0,0.0,0.00029774648481004117,0.0,0.0,0.0037148348630998865,0.0,0.0,0.0,0.0,0.0,0.0,0.0,0.0,0.0,0.0
-9.968090276e-315,-0.0,-0.0,-0.0,0.00016874797581202975,-0.0,-0.0,0.015252166886039177,-0.0,-0.0,-0.0,-0.0,-0.0,-0.0,-0.0,-0.0,-0.0,-0.0
3.129183345e-315,-0.0,-0.0,-0.0,-3.0431801272361047e-5,-0.0,-0.0,-1.1156429117229556e-5,-0.0,-0.0,-0.0,-0.0,-0.0,-0.0,-0.0,-0.0,-0.0,-0.0
3.101e-320,0.0,0.0,0.0,2.5835785450824814e-9,0.0,0.0,-4.729488386393526e-8,0.0,0.0,0.0,0.0,0.0,0.0,0.0,0.0,0.0,0.0
3.129216057e-315,0.0,0.0,0.0,-3.0429205487129695e-5,0.0,0.0,-1.1204208500821422e-5,0.0,0.0,0.0,0.0,0.0,0.0,0.0,0.0,0.0,0.0
-1.51e-320,-0.0,-0.0,-0.0,-1.2676297454286641e-9,-0.0,-0.0,2.3200288291632916e-8,-0.0,-0.0,-0.0,-0.0,-0.0,-0.0,-0.0,-0.0,-0.0,-0.0
6.2015e-320,0.0,0.0,0.0,5.167157136549319e-9,0.0,0.0,-9.458976859499098e-8,0.0,0.0,0.0,0.0,0.0,0.0,0.0,0.0,0.0,0.0
-1.4916e-320,-0.0,-0.0,-0.0,-1.2421221730978615e-9,-0.0,-0.0,2.2738238039776318e-8,-0.0,-0.0,-0.0,-0.0,-0.0,-0.0,-0.0,-0.0,-0.0,-0.0
8.5182252e-316,-0.0,-0.0,-0.0,1.3631249973663566e-5,-0.0,-0.0,-6.690202773782116e-5,-0.0,-0.0,-0.0,-0.0,-0.0,-0.0,-0.0,-0.0,-0.0,-0.0
4.072532255e-315,0.0,0.0,0.0,-0.0001566767925839269,0.0,0.0,0.0018497108890264116,0.0,0.0,0.0,0.0,0.0,0.0,0.0,0.0,0.0,0.0
1.881921855e-315,0.0,0.0,0.0,-8.032264377908746e-5,0.0,0.0,0.0025578840978064173,0.0,0.0,0.0,0.0,0.0,0.0,0.0,0.0,0.0,0.0
1.220321444e-315,-0.0,-0.0,-0.0,-9.873022545664261e-5,-0.0,-0.0,-0.001438897512022214,-0.0,-0.0,-0.0,-0.0,-0.0,-0.0,-0.0,-0.0,-0.0,-0.0
-8.97128129e-315,-0.0,-0.0,-0.0,0.0001518731746734379,-0.0,-0.0,0.01372695026255669,-0.0,-0.0,-0.0,-0.0,-0.0,-0.0,-0.0,-0.0,-0.0,-0.0
-1.5184114237e-314,-0.0,-0.0,-0.0,-0.00048585319816098205,-0.0,-0.0,0.02046125689642659,-0.0,-0.0,-0.0,-0.0,-0.0,-0.0,-0.0,-0.0,-0.0,-0.0
-4.01391635e-315,0.0,0.0,0.0,0.00019719311854881225,0.0,0.0,0.019261805770453697,0.0,0.0,0.0,0.0,0.0,0.0,0.0,0.0,0.0,0.0
1.06276154e-316,-0.0,-0.0,-0.0,-8.047373387020611e-5,-0.0,-0.0,-0.00012530685118247942,-0.0,-0.0,-0.0,-0.0,-0.0,-0.0,-0.0,-0.0,-0.0,-0.0
1.11401738e-315,-0.0,-0.0,-0.0,-1.8258819431982938e-5,-0.0,-0.0,-0.0013135480473937299,-0.0,-0.0,-0.0,-0.0,-0.0,-0.0,-0.0,-0.0,-0.0,-0.0
-1.2721429737e-314,0.0,0.0,0.0,8.58338730998296e-5,0.0,0.0,-0.004096552391736002,0.0,0.0,0.0,0.0,0.0,0.0,0.0,0.0,0.0,0.0
-1.160369938e-314,0.0,0.0,0.0,0.00048721512265881923,0.0,0.0,-0.024157389718167055,0.0,0.0,0.0,0.0,0.0,0.0,0.0,0.0,0.0,0.0
-1.272142973e-314,0.0,0.0,0.0,8.583387309966938e-5,0.0,0.0,-0.004096552391732939,0.0,0.0,0.0,0.0,0.0,0.0,0.0,0.0,0.0,0.0
-1.2386e-320,0.0,0.0,0.0,-1.12364017215213e-9,0.0,0.0,2.0738793450119368e-8,0.0,0.0,0.0,0.0,0.0,0.0,0.0,0.0,0.0,0.0
-1.3374e-320,-0.0,-0.0,-0.0,-1.11655002860673e-9,-0.0,-0.0,2.043951945980958e-8,-0.0,-0.0,-0.0,-0.0,-0.0,-0.0,-0.0,-0.0,-0.0,-0.0
-2.578e-320,-0.0,-0.0,-0.0,-2.2392005525911144e-9,-0.0,-0.0,4.116019644875121e-8,-0.0,-0.0,-0.0,-0.0,-0.0,-0.0,-0.0,-0.0,-0.0,-0.0
-1.5044e-320,0.0,0.0,0.0,-1.2551597673690024e-9,0.0,0.0,2.2976903702016734e-8,0.0,0.0,0.0,0.0,0.0,0.0,0.0,0.0,0.0,0.0
-2.675e-320,0.0,0.0,0.0,-2.2331000571029475e-9,0.0,0.0,4.087903891070649e-8,0.0,0.0,0.0,0.0,0.0,0.0,0.0,0.0,0.0,0.0
-1.513e-320,-0.0,-0.0,-0.0,-1.2602922350892937e-9,-0.0,-0.0,2.3070858443268617e-8,-0.0,-0.0,-0.0,-0.0,-0.0,-0.0,-0.0,-0.0,-0.0,-0.0
-1.30002704e-315,-0.0,-0.0,-0.0,2.3132475898420123e-5,-0.0,-0.0,-0.0012347912995124394,-0.0,-0.0,-0.0,-0.0,-0.0,-0.0,-0.0,-0.0,-0.0,-0.0
-6.278465e-315,0.0,0.0,0.0,-0.0001801201616771645,0.0,0.0,0.006888794268256235,0.0,0.0,0.0,0.0,0.0,0.0,0.0,0.0,0.0,0.0
-3.57932736e-315,0.0,0.0,0.0,-0.00018994720779846872,0.0,0.0,0.008344767289971227,0.0,0.0,0.0,0.0,0.0,0.0,0.0,0.0,0.0,0.0
-1.6014498e-315,-0.0,-0.0,-0.0,2.9429026622504125e-6,-0.0,-0.0,-0.0012661498285377764,-0.0,-0.0,-0.0,-0.0,-0.0,-0.0,-0.0,-0.0,-0.0,-0.0
-1.144928687e-314,0.0,0.0,0.0,7.725047632356445e-5,0.0,0.0,-0.0036868969792729087,0.0,0.0,0.0,0.0,0.0,0.0,0.0,0.0,0.0,0.0
-1.5184088595e-314,0.0,0.0,0.0,-0.0004858510623888534,0.0,0.0,0.020461217799068787,0.0,0.0,0.0,0.0,0.0,0.0,0.0,0.0,0.0,0.0
-4.01392918e-315,-0.0,-0.0,-0.0,-0.0002535870435650461,-0.0,-0.0,0.01926182532514383,-0.0,-0.0,-0.0,-0.0,-0.0,-0.0,-0.0,-0.0,-0.0,-0.0
-6.67954e-317,-0.0,-0.0,-0.0,-1.5167860762740406e-5,-0.0,-0.0,-5.277569502044449e-5,-0.0,-0.0,-0.0,-0.0,-0.0,-0.0,-0.0,-0.0,-0.0,-0.0
-1.534684505e-315,-0.0,-0.0,-0.0,1.810825779736879e-5,-0.0,-0.0,-0.0012133282655998725,-0.0,-0.0,-0.0,-0.0,-0.0,-0.0,-0.0,-0.0,-0.0,-0.0
-1.4277853363e-314,-0.0,-0.0,-0.0,2.667389493593373e-5,-0.0,-0.0,0.009470976982899561,-0.0,-0.0,-0.0,-0.0,-0.0,-0.0,-0.0,-0.0,-0.0,-0.0
-1.2954134873e-314,-0.0,-0.0,-0.0,0.0003705283633340122,-0.0,-0.0,-0.0038012066329483297,-0.0,-0.0,-0.0,-0.0,-0.0,-0.0,-0.0,-0.0,-0.0,-0.0
-1.406477091e-314,0.0,0.0,0.0,2.8990698155164457e-5,0.0,0.0,0.009262871557556125,0.0,0.0,0.0,0.0,0.0,0.0,0.0,0.0,0.0,0.0
-2.0227e-320,-0.0,-0.0,-0.0,-1.6850312512906089e-9,-0.0,-0.0,3.08461136334438e-8,-0.0,-0.0,-0.0,-0.0,-0.0,-0.0,-0.0,-0.0,-0.0,-0.0
-4.855166407e-315,0.0,0.0,0.0,-3.27950057661313e-5,0.0,0.0,0.0005094705323905386,0.0,0.0,0.0,0.0,0.0,0.0,0.0,0.0,0.0,0.0
-4.0395e-320,-0.0,-0.0,-0.0,-3.365330144560298e-9,-0.0,-0.0,6.160559690550357e-8,-0.0,-0.0,-0.0,-0.0,-0.0,-0.0,-0.0,-0.0,-0.0,-0.0
-1.5183e-320,-0.0,-0.0,-0.0,-1.2642108021585133e-9,-0.0,-0.0,2.314259157908516e-8,-0.0,-0.0,-0.0,-0.0,-0.0,-0.0,-0.0,-0.0,-0.0,-0.0
-4.92171224e-315,-0.0,-0.0,-0.0,-3.345112669490942e-5,-0.0,-0.0,0.0005204607173262417,-0.0,-0.0,-0.0,-0.0,-0.0,-0.0,-0.0,-0.0,-0.0,-0.0
-2.201202e-317,0.0,0.0,0.0,1.7612993230984674e-7,0.0,0.0,-3.992546534986815e-6,0.0,0.0,0.0,0.0,0.0,0.0,0.0,0.0,0.0,0.0
-1.40085311e-315,0.0,0.0,0.0,2.3124059778244547e-5,0.0,0.0,-0.0006898447498018651,0.0,0.0,0.0,0.0,0.0,0.0,0.0,0.0,0.0,0.0
-4.73981102e-315,-0.0,-0.0,-0.0,-9.303805287230143e-5,-0.0,-0.0,0.0019133359984745955,-0.0,-0.0,-0.0,-0.0,-0.0,-0.0,-0.0,-0.0,-0.0,-0.0
-2.49548885e-315,-0.0,-0.0,-0.0,-9.36847004646643e-5,-0.0,-0.0,0.002721842854482593,-0.0,-0.0,-0.0,-0.0,-0.0,-0.0,-0.0,-0.0,-0.0,-0.0
-9.73050946e-316,-0.0,-0.0,-0.0,-1.9495692892516606e-5,-0.0,-0.0,-0.000538039636500177,-0.0,-0.0,-0.0,-0.0,-0.0,-0.0,-0.0,-0.0,-0.0,-0.0
-1.2658293913e-314,0.0,0.0,0.0,2.609162038777929e-5,0.0,0.0,0.008336584547367095,0.0,0.0,0.0,0.0,0.0,0.0,0.0,0.0,0.0,0.0
-1.518409435e-314,-0.0,-0.0,-0.0,-0.0004858515422655324,-0.0,-0.0,0.02046122658367178,-0.0,-0.0,-0.0,-0.0,-0.0,-0.0,-0.0,-0.0,-0.0,-0.0
-4.013937675e-315,0.0,0.0,0.0,0.00011974471374582446,0.0,0.0,0.01926183828798265,0.0,0.0,0.0,0.0,0.0,0.0,0.0,0.0,0.0,0.0
-7.7177955e-317,-0.0,-0.0,-0.0,-1.6322345373995534e-5,-0.0,-0.0,-4.264365495755375e-5,-0.0,-0.0,-0.0,-0.0,-0.0,-0.0,-0.0,-0.0,-0.0,-0.0
-8.9590333e-316,-0.0,-0.0,-0.0,-3.1758761298682957e-6,-0.0,-0.0,-0.0004953496928860538,-0.0,-0.0,-0.0,-0.0,-0.0,-0.0,-0.0,-0.0,-0.0,-0.0
-1.4782491574e-314,0.0,0.0,0.0,0.0011202438231335571,0.0,0.0,0.01361779240064677,0.0,0.0,0.0,0.0,0.0,0.0,0.0,0.0,0.0,0.0
-1.263026571e-314,0.0,0.0,0.0,0.0005748851892714654,0.0,0.0,-0.0035645163497126943,0.0,0.0,0.0,0.0,0.0,0.0,0.0,0.0,0.0,0.0
-1.259177826e-314,0.0,0.0,0.0,0.0010406666608890336,0.0,0.0,0.010215289011729599,0.0,0.0,0.0,0.0,0.0,0.0,0.0,0.0,0.0,0.0
1.32e-320,0.0,0.0,0.0,1.100589689298372e-9,0.0,0.0,-2.014735014375784e-8,0.0,0.0,0.0,0.0,0.0,0.0,0.0,0.0,0.0,0.0
-7.157077193e-315,0.0,0.0,0.0,-0.00014227133988258932,0.0,0.0,0.0004967446877537367,0.0,0.0,0.0,0.0,0.0,0.0,0.0,0.0,0.0,0.0
2.798e-320,0.0,0.0,0.0,2.3325699739746215e-9,0.0,0.0,-4.2699931191318326e-8,0.0,0.0,0.0,0.0,0.0,0.0,0.0,0.0,0.0,0.0
-1.3775e-320,-0.0,-0.0,-0.0,-1.1480499047376475e-9,-0.0,-0.0,2.1016154891056364e-8,-0.0,-0.0,-0.0,-0.0,-0.0,-0.0,-0.0,-0.0,-0.0,-0.0
-8.12830635e-315,-0.0,-0.0,-0.0,-0.00017598799965526697,-0.0,-0.0,0.000694150942935859,-0.0,-0.0,-0.0,-0.0,-0.0,-0.0,-0.0,-0.0,-0.0,-0.0
-7.91640016e-316,-0.0,-0.0,-0.0,6.373169910037127e-6,-0.0,-0.0,-0.00014451755981041863,-0.0,-0.0,-0.0,-0.0,-0.0,-0.0,-0.0,-0.0,-0.0,-0.0
-1.88599756e-315,0.0,0.0,0.0,0.00015846895772915763,0.0,0.0,-0.0002324974063269651,0.0,0.0,0.0,0.0,0.0,0.0,0.0,0.0,0.0,0.0
-9.46012761e-315,0.0,0.0,0.0,-0.000469137536984056,0.0,0.0,0.007346535041902157,0.0,0.0,0.0,0.0,0.0,0.0,0.0,0.0,0.0,0.0
-4.466487607e-315,-0.0,-0.0,-0.0,-7.835184459015653e-5,-0.0,-0.0,0.007711098463524758,-0.0,-0.0,-0.0,-0.0,-0.0,-0.0,-0.0,-0.0,-0.0,-0.0
-3.60144271e-315,-0.0,-0.0,-0.0,-0.0007459095736898133,-0.0,-0.0,-0.0013809761571430218,-0.0,-0.0,-0.0,-0.0,-0.0,-0.0,-0.0,-0.0,-0.0,-0.0
-1.1332600574e-314,-0.0,-0.0,-0.0,0.0009365999830895237,-0.0,-0.0,0.00919376032493052,-0.0,-0.0,-0.0,-0.0,-0.0,-0.0,-0.0,-0.0,-0.0,-0.0
-1.5184099706e-314,-0.0,-0.0,-0.0,-0.0004858519891604665,-0.0,-0.0,0.020461234764512358,-0.0,-0.0,-0.0,-0.0,-0.0,-0.0,-0.0,-0.0,-0.0,-0.0
-4.01396276e-315,-0.0,-0.0,-0.0,0.0030398776849739,-0.0,-0.0,0.01926187644101519,-0.0,-0.0,-0.0,-0.0,-0.0,-0.0,-0.0,-0.0,-0.0,-0.0
-1.34478997e-315,0.0,0.0,0.0,-0.00048466863642743495,0.0,0.0,-0.0005156393344390324,0.0,0.0,0.0,0.0,0.0,0.0,0.0,0.0,0.0,0.0
-2.256680934e-315,-0.0,-0.0,-0.0,-0.00026124328447967086,-0.0,-0.0,-0.0008652938546396579,-0.0,-0.0,-0.0,-0.0,-0.0,-0.0,-0.0,-0.0,-0.0,-0.0
-1.468670543e-314,0.0,0.0,0.0,-0.0004073332965353327,0.0,0.0,0.019750481882234286,0.0,0.0,0.0,0.0,0.0,0.0,0.0,0.0,0.0,0.0
-1.4459699545e-314,-0.0,-0.0,-0.0,-0.0001794648864930013,-0.0,-0.0,0.014709272308307887,-0.0,-0.0,-0.0,-0.0,-0.0,-0.0,-0.0,-0.0,-0.0,-0.0
-1.468671402e-314,-0.0,-0.0,-0.0,-0.0004073340116059244,-0.0,-0.0,0.01975049497228811,-0.0,-0.0,-0.0,-0.0,-0.0,-0.0,-0.0,-0.0,-0.0,-0.0
-3.057e-320,-0.0,-0.0,-0.0,-2.5456743680312553e-9,-0.0,-0.0,4.660101154077462e-8,-0.0,-0.0,-0.0,-0.0,-0.0,-0.0,-0.0,-0.0,-0.0,-0.0
-4.913017893e-315,0.0,0.0,0.0,-2.6272904588012463e-6,0.0,0.0,-0.00021603993608487255,0.0,0.0,0.0,0.0,0.0,0.0,0.0,0.0,0.0,0.0
-6.114e-320,0.0,0.0,0.0,-5.0913487364848335e-9,0.0,0.0,9.32020230904048e-8,0.0,0.0,0.0,0.0,0.0,0.0,0.0,0.0,0.0,0.0
-1.515e-320,0.0,0.0,0.0,-1.2629586402261393e-9,0.0,0.0,2.311966954756104e-8,0.0,0.0,0.0,0.0,0.0,0.0,0.0,0.0,0.0,0.0
-4.91304788e-315,0.0,0.0,0.0,-2.629787504254659e-6,0.0,0.0,-0.00021599422527224325,0.0,0.0,0.0,0.0,0.0,0.0,0.0,0.0,0.0,0.0
-1.52e-320,-0.0,-0.0,-0.0,-1.26587271203978e-9,-0.0,-0.0,2.3173014424962947e-8,-0.0,-0.0,-0.0,-0.0,-0.0,-0.0,-0.0,-0.0,-0.0,-0.0
-2.24408903e-315,0.0,0.0,0.0,-1.9314686390701277e-5,0.0,0.0,0.00041259079054616125,0.0,0.0,0.0,0.0,0.0,0.0,0.0,0.0,0.0,0.0
-7.62452228e-315,0.0,0.0,0.0,-0.00012654498894056418,0.0,0.0,0.003012437311385519,0.0,0.0,0.0,0.0,0.0,0.0,0.0,0.0,0.0,0.0
-3.77072133e-315,-0.0,-0.0,-0.0,-0.00011355165661769679,-0.0,-0.0,0.002597372397664317,-0.0,-0.0,-0.0,-0.0,-0.0,-0.0,-0.0,-0.0,-0.0,-0.0
-1.906981057e-315,-0.0,-0.0,-0.0,2.4656034940060203e-5,-0.0,-0.0,-0.0003537427005500387,-0.0,-0.0,-0.0,-0.0,-0.0,-0.0,-0.0,-0.0,-0.0,-0.0
-1.321804277e-314,-0.0,-0.0,-0.0,-0.00036660062308398027,-0.0,-0.0,0.017775445706421866,-0.0,-0.0,-0.0,-0.0,-0.0,-0.0,-0.0,-0.0,-0.0,-0.0
-1.5184090354e-314,-0.0,-0.0,-0.0,-0.00048585120919029555,-0.0,-0.0,0.020461220486410032,-0.0,-0.0,-0.0,-0.0,-0.0,-0.0,-0.0,-0.0,-0.0,-0.0
-4.01392514e-315,0.0,0.0,0.0,-0.0006249333611951994,0.0,0.0,0.019261819159410703,0.0,0.0,0.0,0.0,0.0,0.0,0.0,0.0,0.0,0.0
-8.215165e-318,-0.0,-0.0,-0.0,-1.6626756666309593e-6,-0.0,-0.0,-1.4979589167736502e-6,-0.0,-0.0,-0.0,-0.0,-0.0,-0.0,-0.0,-0.0,-0.0,-0.0
-1.898795906e-315,0.0,0.0,0.0,2.6316208645671094e-5,0.0,0.0,-0.00035219894083649873,0.0,0.0,0.0,0.0,0.0,0.0,0.0,0.0,0.0,0.0
-1.4740841425e-314,-0.0,-0.0,-0.0,-7.26386830966267e-5,-0.0,-0.0,0.005106545891619885,-0.0,-0.0,-0.0,-0.0,-0.0,-0.0,-0.0,-0.0,-0.0,-0.0
-1.3193169643e-314,-0.0,-0.0,-0.0,9.638402835801453e-6,-0.0,-0.0,0.0014623792809275865,-0.0,-0.0,-0.0,-0.0,-0.0,-0.0,-0.0,-0.0,-0.0,-0.0
-1.4740857057e-314,0.0,0.0,0.0,-7.26399868527986e-5,0.0,0.0,0.005106569758127461,0.0,0.0,0.0,0.0,0.0,0.0,0.0,0.0,0.0,0.0
8.21e-321,0.0,0.0,0.0,6.82427245470699e-10,0.0,0.0,-1.249248542142788e-8,0.0,0.0,0.0,0.0,0.0,0.0,0.0,0.0,0.0,0.0
-8.985215576e-315,-0.0,-0.0,-0.0,-4.8261135481317094e-5,-0.0,-0.0,0.0015287613645475263,-0.0,-0.0,-0.0,-0.0,-0.0,-0.0,-0.0,-0.0,-0.0,-0.0
1.643e-320,-0.0,-0.0,-0.0,1.3648544911311718e-9,-0.0,-0.0,-2.4984970839936276e-8,-0.0,-0.0,-0.0,-0.0,-0.0,-0.0,-0.0,-0.0,-0.0,-0.0
-1.521e-320,0.0,0.0,0.0,-1.2654861084933498e-9,0.0,0.0,2.31659372700887e-8,0.0,0.0,0.0,0.0,0.0,0.0,0.0,0.0,0.0,0.0
-8.98520557e-315,0.0,0.0,0.0,-4.826030357991602e-5,0.0,0.0,0.0015287461357942796,0.0,0.0,0.0,0.0,0.0,0.0,0.0,0.0,0.0,0.0
-1.5153e-320,0.0,0.0,0.0,-1.2643647536784205e-9,0.0,0.0,2.3145409823744386e-8,0.0,0.0,0.0,0.0,0.0,0.0,0.0,0.0,0.0,0.0
-1.18445711e-315,-0.0,-0.0,-0.0,9.113780242138521e-6,-0.0,-0.0,-0.0004481057427033064,-0.0,-0.0,-0.0,-0.0,-0.0,-0.0,-0.0,-0.0,-0.0,-0.0
-1.008780189e-314,0.0,0.0,0.0,-0.0001341052047181332,0.0,0.0,0.004409140389320476,0.0,0.0,0.0,0.0,0.0,0.0,0.0,0.0,0.0,0.0
-8.584020946e-315,0.0,0.0,0.0,-0.00013867369778809097,0.0,0.0,0.004808624974276276,0.0,0.0,0.0,0.0,0.0,0.0,0.0,0.0,0.0,0.0
-3.6526321e-316,0.0,0.0,0.0,-5.154270984153411e-7,0.0,0.0,-0.00017013170610478848,0.0,0.0,0.0,0.0,0.0,0.0,0.0,0.0,0.0,0.0
-1.3266771496e-314,0.0,0.0,0.0,-6.537600058782962e-5,0.0,0.0,0.004595913009680423,0.0,0.0,0.0,0.0,0.0,0.0,0.0,0.0,0.0,0.0
-1.5184111396e-314,0.0,0.0,0.0,-0.0004858529583110888,0.0,0.0,0.02046125250574421,0.0,0.0,0.0,0.0,0.0,0.0,0.0,0.0,0.0,0.0
-4.013934854e-315,-0.0,-0.0,-0.0,-0.0002218145382991822,-0.0,-0.0,0.019261833938383176,-0.0,-0.0,-0.0,-0.0,-0.0,-0.0,-0.0,-0.0,-0.0,-0.0
-1.641538e-317,-0.0,-0.0,-0.0,-2.6105757660344107e-6,-0.0,-0.0,-7.615908647191589e-6,-0.0,-0.0,-0.0,-0.0,-0.0,-0.0,-0.0,-0.0,-0.0,-0.0
-3.48878117e-316,0.0,0.0,0.0,2.0926254944774183e-6,0.0,0.0,-0.00016246960835259775,0.0,0.0,0.0,0.0,0.0,0.0,0.0,0.0,0.0,0.0
-1.5539707333e-314,-0.0,-0.0,-0.0,-0.0002662198496864259,-0.0,-0.0,0.017171498620422013,-0.0,-0.0,-0.0,-0.0,-0.0,-0.0,-0.0,-0.0,-0.0,-0.0
-1.3999847367e-314,-0.0,-0.0,-0.0,8.372078605811017e-5,-0.0,-0.0,0.005834735934271143,-0.0,-0.0,-0.0,-0.0,-0.0,-0.0,-0.0,-0.0,-0.0,-0.0
-1.52650125e-314,-0.0,-0.0,-0.0,-0.00025854393151458337,-0.0,-0.0,0.01679442586421621,-0.0,-0.0,-0.0,-0.0,-0.0,-0.0,-0.0,-0.0,-0.0,-0.0
4.2425e-320,0.0,0.0,0.0,3.5339827010864317e-9,0.0,0.0,-6.469294373705715e-8,0.0,0.0,0.0,0.0,0.0,0.0,0.0,0.0,0.0,0.0
-1.83757768e-315,-0.0,-0.0,-0.0,-4.830808530969575e-6,-0.0,-0.0,-9.104264720375713e-6,-0.0,-0.0,-0.0,-0.0,-0.0,-0.0,-0.0,-0.0,-0.0,-0.0
8.4935e-320,0.0,0.0,0.0,7.075202701809171e-9,0.0,0.0,-1.295183731462307e-7,0.0,0.0,0.0,0.0,0.0,0.0,0.0,0.0,0.0,0.0
-1.4945e-320,0.0,0.0,0.0,-1.246661814964773e-9,0.0,0.0,2.2821340524796182e-8,0.0,0.0,0.0,0.0,0.0,0.0,0.0,0.0,0.0,0.0
-1.867398524e-315,0.0,0.0,0.0,-4.976682260851125e-6,0.0,0.0,-8.13898658461504e-6,0.0,0.0,0.0,0.0,0.0,0.0,0.0,0.0,0.0,0.0
-1.0497324e-317,0.0,0.0,0.0,8.333483495216442e-8,0.0,0.0,-1.8919812202145989e-6,0.0,0.0,0.0,0.0,0.0,0.0,0.0,0.0,0.0,0.0
-8.7411397e-316,-0.0,-0.0,-0.0,-6.991277082140581e-5,-0.0,-0.0,0.003264458260960736,-0.0,-0.0,-0.0,-0.0,-0.0,-0.0,-0.0,-0.0,-0.0,-0.0
-3.310522448e-315,0.0,0.0,0.0,-0.00036207256341993225,0.0,0.0,0.011282484398213569,0.0,0.0,0.0,0.0,0.0,0.0,0.0,0.0,0.0,0.0
-1.55940853e-315,0.0,0.0,0.0,-0.00023307365336566047,0.0,0.0,0.007326653433196213,0.0,0.0,0.0,0.0,0.0,0.0,0.0,0.0,0.0,0.0
-1.063360785e-315,0.0,0.0,0.0,-5.359808663041819e-5,0.0,0.0,7.29284021452156e-5,0.0,0.0,0.0,0.0,0.0,0.0,0.0,0.0,0.0,0.0
-1.3738511363e-314,0.0,0.0,0.0,-0.00023268954765563548,0.0,0.0,0.01511498344790292,0.0,0.0,0.0,0.0,0.0,0.0,0.0,0.0,0.0,0.0
-1.518410662e-314,0.0,0.0,0.0,-0.00048585256346175837,0.0,0.0,0.020461245277648404,0.0,0.0,0.0,0.0,0.0,0.0,0.0,0.0,0.0,0.0
-4.01392572e-315,-0.0,-0.0,-0.0,-3.911916826227107e-5,-0.0,-0.0,0.019261820038786615,-0.0,-0.0,-0.0,-0.0,-0.0,-0.0,-0.0,-0.0,-0.0,-0.0
-6.7325416e-317,-0.0,-0.0,-0.0,-2.8690361603079312e-5,-0.0,-0.0,4.63875533405675e-6,-0.0,-0.0,-0.0,-0.0,-0.0,-0.0,-0.0,-0.0,-0.0,-0.0
-9.96065067e-316,-0.0,-0.0,-0.0,-2.4910199514597965e-5,-0.0,-0.0,6.833494467438039e-5,-0.0,-0.0,-0.0,-0.0,-0.0,-0.0,-0.0,-0.0,-0.0,-0.0
-1.532602133e-314,0.0,0.0,0.0,-0.0003087325791728573,0.0,0.0,0.01373532862767771,0.0,0.0,0.0,0.0,0.0,0.0,0.0,0.0,0.0,0.0
-1.2630984464e-314,0.0,0.0,0.0,0.0003155616798155801,0.0,0.0,-0.012987428367712472,0.0,0.0,0.0,0.0,0.0,0.0,0.0,0.0,0.0,0.0
-1.5323568766e-314,0.0,0.0,0.0,-0.0003086711388854318,0.0,0.0,0.0137327881540235,0.0,0.0,0.0,0.0,0.0,0.0,0.0,0.0,0.0,0.0
-2.1457e-320,0.0,0.0,0.0,-1.787349000596602e-9,0.0,0.0,3.27191382825745e-8,0.0,0.0,0.0,0.0,0.0,0.0,0.0,0.0,0.0,0.0
-1.1373017654e-314,-0.0,-0.0,-0.0,-2.0980591160170938e-5,-0.0,-0.0,0.0004221644498303656,-0.0,-0.0,-0.0,-0.0,-0.0,-0.0,-0.0,-0.0,-0.0,-0.0
-4.292e-320,-0.0,-0.0,-0.0,-3.5746696068581606e-9,-0.0,-0.0,6.543775669684071e-8,-0.0,-0.0,-0.0,-0.0,-0.0,-0.0,-0.0,-0.0,-0.0,-0.0
-1.5054e-320,-0.0,-0.0,-0.0,-1.2546912092680378e-9,-0.0,-0.0,2.2968326262265394e-8,-0.0,-0.0,-0.0,-0.0,-0.0,-0.0,-0.0,-0.0,-0.0,-0.0
-1.1374780174e-314,-0.0,-0.0,-0.0,-2.098717038905328e-5,-0.0,-0.0,0.0004222979677427384,-0.0,-0.0,-0.0,-0.0,-0.0,-0.0,-0.0,-0.0,-0.0,-0.0
-3.0858e-319,-0.0,-0.0,-0.0,1.102020280600348e-9,-0.0,-0.0,-3.041555935508755e-8,-0.0,-0.0,-0.0,-0.0,-0.0,-0.0,-0.0,-0.0,-0.0,-0.0
-7.30982477e-315,0.0,0.0,0.0,3.4913813961496175e-5,0.0,0.0,-0.0017207365580121316,0.0,0.0,0.0,0.0,0.0,0.0,0.0,0.0,0.0,0.0
-1.1384398313e-314,0.0,0.0,0.0,-4.530112917948779e-5,0.0,0.0,0.00124583106522266,0.0,0.0,0.0,0.0,0.0,0.0,0.0,0.0,0.0,0.0
-3.02401852e-315,0.0,0.0,0.0,-7.284286292717739e-5,0.0,0.0,0.0029486288432787593,0.0,0.0,0.0,0.0,0.0,0.0,0.0,0.0,0.0,0.0
-1.17798829e-315,-0.0,-0.0,-0.0,4.039911845738964e-7,-0.0,-0.0,-0.0004133102531677947,-0.0,-0.0,-0.0,-0.0,-0.0,-0.0,-0.0,-0.0,-0.0,-0.0
-1.3791212066e-314,-0.0,-0.0,-0.0,-0.0002778040400307803,-0.0,-0.0,0.01235950961383097,-0.0,-0.0,-0.0,-0.0,-0.0,-0.0,-0.0,-0.0,-0.0,-0.0
-1.518408024e-314,-0.0,-0.0,-0.0,-0.0004858503654621261,-0.0,-0.0,0.020461205041156446,-0.0,-0.0,-0.0,-0.0,-0.0,-0.0,-0.0,-0.0,-0.0,-0.0
-4.013931573e-315,0.0,0.0,0.0,-0.00027940278203632203,0.0,0.0,0.019261828906683615,0.0,0.0,0.0,0.0,0.0,0.0,0.0,0.0,0.0,0.0
-4.6074403e-317,-0.0,-0.0,-0.0,-6.150833811256216e-6,-0.0,-0.0,-1.6137494845972207e-5,-0.0,-0.0,-0.0,-0.0,-0.0,-0.0,-0.0,-0.0,-0.0,-0.0
-1.131944226e-315,0.0,0.0,0.0,6.5522994701693845e-6,0.0,0.0,-0.0003971265261517021,0.0,0.0,0.0,0.0,0.0,0.0,0.0,0.0,0.0,0.0
-1.525795801e-314,-0.0,-0.0,-0.0,-0.0003487561685709825,-0.0,-0.0,0.018033083551543688,-0.0,-0.0,-0.0,-0.0,-0.0,-0.0,-0.0,-0.0,-0.0,-0.0
-1.264914968e-314,0.0,0.0,0.0,0.00028299563513173987,0.0,0.0,-0.001346157276640406,0.0,0.0,0.0,0.0,0.0,0.0,0.0,0.0,0.0,0.0
-1.525795821e-314,-0.0,-0.0,-0.0,-0.0003487561843551146,-0.0,-0.0,0.018033083840487085,-0.0,-0.0,-0.0,-0.0,-0.0,-0.0,-0.0,-0.0,-0.0,-0.0
-2.806e-320,-0.0,-0.0,-0.0,-2.336537311621882e-9,-0.0,-0.0,4.2772557137403133e-8,-0.0,-0.0,-0.0,-0.0,-0.0,-0.0,-0.0,-0.0,-0.0,-0.0
-1.05981463e-316,-0.0,-0.0,-0.0,-1.2815290885232172e-7,-0.0,-0.0,-3.2197908087451376e-6,-0.0,-0.0,-0.0,-0.0,-0.0,-0.0,-0.0,-0.0,-0.0,-0.0
-5.612e-320,0.0,0.0,0.0,-4.67307462294154e-9,0.0,0.0,8.554511425730776e-8,0.0,0.0,0.0,0.0,0.0,0.0,0.0,0.0,0.0,0.0
-1.509e-320,0.0,0.0,0.0,-1.2580960419602257e-9,0.0,0.0,2.3030655034157625e-8,0.0,0.0,0.0,0.0,0.0,0.0,0.0,0.0,0.0,0.0
-1.06009497e-316,0.0,0.0,0.0,-1.3048941420205502e-7,0.0,0.0,-3.1770188366988826e-6,0.0,0.0,0.0,0.0,0.0,0.0,0.0,0.0,0.0,0.0
-1.5217e-320,-0.0,-0.0,-0.0,-1.267256943754193e-9,-0.0,-0.0,2.319835411123174e-8,-0.0,-0.0,-0.0,-0.0,-0.0,-0.0,-0.0,-0.0,-0.0,-0.0
4.47623777e-316,-0.0,-0.0,-0.0,1.2056184563223653e-5,-0.0,-0.0,-0.0005032599344969695,-0.0,-0.0,-0.0,-0.0,-0.0,-0.0,-0.0,-0.0,-0.0,-0.0
3.98301094e-316,-0.0,-0.0,-0.0,-9.375053218625007e-6,-0.0,-0.0,-5.361813318179633e-5,-0.0,-0.0,-0.0,-0.0,-0.0,-0.0,-0.0,-0.0,-0.0,-0.0
9.071307e-318,-0.0,-0.0,-0.0,-1.865588237935426e-5,-0.0,-0.0,0.0005051845881686906,-0.0,-0.0,-0.0,-0.0,-0.0,-0.0,-0.0,-0.0,-0.0,-0.0
-8.009113e-317,0.0,0.0,0.0,-9.595141061821564e-7,0.0,0.0,-0.0001556043661769272,0.0,0.0,0.0,0.0,0.0,0.0,0.0,0.0,0.0,0.0
-1.3732162417e-314,0.0,0.0,0.0,-0.00031388056814280493,0.0,0.0,0.016229775497136226,0.0,0.0,0.0,0.0,0.0,0.0,0.0,0.0,0.0,0.0
-1.5184102765e-314,0.0,0.0,0.0,-0.00048585224164609847,0.0,0.0,0.020461239386504,0.0,0.0,0.0,0.0,0.0,0.0,0.0,0.0,0.0,0.0
-4.013936277e-315,0.0,0.0,0.0,-0.00022380046847046808,0.0,0.0,0.019261836120177935,0.0,0.0,0.0,0.0,0.0,0.0,0.0,0.0,0.0,0.0
-3.5952e-318,0.0,0.0,0.0,-2.8989460454356536e-6,0.0,0.0,-6.932439337751526e-6,0.0,0.0,0.0,0.0,0.0,0.0,0.0,0.0,0.0,0.0
-7.6526317e-317,0.0,0.0,0.0,1.9369020671296312e-6,0.0,0.0,-0.0001486256151028698,0.0,0.0,0.0,0.0,0.0,0.0,0.0,0.0,0.0,0.0
-7.46615343e-315,0.0,0.0,0.0,0.00046257168412177133,0.0,0.0,-0.0288449096065983,0.0,0.0,0.0,0.0,0.0,0.0,0.0,0.0,0.0,0.0
-1.44373192e-315,-0.0,-0.0,-0.0,7.050611521024319e-5,-0.0,-0.0,-0.003696816196078123,-0.0,-0.0,-0.0,-0.0,-0.0,-0.0,-0.0,-0.0,-0.0,-0.0
6.89736363e-316,-0.0,-0.0,-0.0,-1.6075055810643397e-5,-0.0,-0.0,-0.00018311086949810825,-0.0,-0.0,-0.0,-0.0,-0.0,-0.0,-0.0,-0.0,-0.0,-0.0
-1.924717144e-315,-0.0,-0.0,-0.0,0.0002141224354985364,-0.0,-0.0,-0.01611695413601109,-0.0,-0.0,-0.0,-0.0,-0.0,-0.0,-0.0,-0.0,-0.0,-0.0
-2.394219976e-315,-0.0,-0.0,-0.0,1.7783454216267028e-5,-0.0,-0.0,0.0006845137704779267,-0.0,-0.0,-0.0,-0.0,-0.0,-0.0,-0.0,-0.0,-0.0,-0.0
-8.50031878e-315,-0.0,-0.0,-0.0,0.0006307906325793103,-0.0,-0.0,-0.0411779951513325,-0.0,-0.0,-0.0,-0.0,-0.0,-0.0,-0.0,-0.0,-0.0,-0.0
-6.447643263e-315,-0.0,-0.0,-0.0,0.00029689922683096996,-0.0,-0.0,-0.01669852183684053,-0.0,-0.0,-0.0,-0.0,-0.0,-0.0,-0.0,-0.0,-0.0,-0.0
2.287156076e-314,0.0,0.0,0.0,-0.000784631750499472,0.0,0.0,-0.0062484789265004935,0.0,0.0,0.0,0.0,0.0,0.0,0.0,0.0,0.0,0.0
-5.6699773216e-314,0.0,0.0,0.0,-0.0007564930149129162,0.0,0.0,0.0019861619048211917,0.0,0.0,0.0,0.0,0.0,0.0,0.0,0.0,0.0,0.0
-9.97325183e-315,0.0,0.0,0.0,0.0007248808390268679,0.0,0.0,-0.043637288545345036,0.0,0.0,0.0,0.0,0.0,0.0,0.0,0.0,0.0,0.0
-1.8318228e-315,0.0,0.0,0.0,0.00019257517065086663,0.0,0.0,-0.007950556740710647,0.0,0.0,0.0,0.0,0.0,0.0,0.0,0.0,0.0,0.0
-9.56242991e-315,0.0,0.0,0.0,0.0006677167553778923,0.0,0.0,-0.03612074772456289,0.0,0.0,0.0,0.0,0.0,0.0,0.0,0.0,0.0,0.0
-1.46338257e-315,-0.0,-0.0,-0.0,0.0002179214363251724,-0.0,-0.0,-0.010902541014419877,-0.0,-0.0,-0.0,-0.0,-0.0,-0.0,-0.0,-0.0,-0.0,-0.0
-9.150529585e-315,-0.0,-0.0,-0.0,0.0007537457607350896,-0.0,-0.0,-0.052339740508984385,-0.0,-0.0,-0.0,-0.0,-0.0,-0.0,-0.0,-0.0,-0.0,-0.0
-1.71807161e-315,-0.0,-0.0,-0.0,0.00025135567064529714,-0.0,-0.0,-0.020633913848226153,-0.0,-0.0,-0.0,-0.0,-0.0,-0.0,-0.0,-0.0,-0.0,-0.0
-6.382754737e-315,-0.0,-0.0,-0.0,0.0003730202827145619,-0.0,-0.0,-0.016572259554112165,-0.0,-0.0,-0.0,-0.0,-0.0,-0.0,-0.0,-0.0,-0.0,-0.0
-4.7215285e-316,0.0,0.0,0.0,7.583041442607653e-5,0.0,0.0,-0.0013778356411701818,0.0,0.0,0.0,0.0,0.0,0.0,0.0,0.0,0.0,0.0
-5.52235536e-315,0.0,0.0,0.0,0.0002504617042064633,0.0,0.0,-0.020038448107619438,0.0,0.0,0.0,0.0,0.0,0.0,0.0,0.0,0.0,0.0
1.20061992e-315,-0.0,-0.0,-0.0,-0.0002378197650588711,-0.0,-0.0,0.01546550588873111,-0.0,-0.0,-0.0,-0.0,-0.0,-0.0,-0.0,-0.0,-0.0,-0.0
-5.89478866e-315,0.0,0.0,0.0,0.00018041594730621973,0.0,0.0,-0.009484928939431843,0.0,0.0,0.0,0.0,0.0,0.0,0.0,0.0,0.0,0.0
-1.761252e-317,0.0,0.0,0.0,-0.00015403958995049893,0.0,0.0,0.010585854714769326,0.0,0.0,0.0,0.0,0.0,0.0,0.0,0.0,0.0,0.0
-7.826582403e-315,0.0,0.0,0.0,0.0005774961743164207,0.0,0.0,-0.024046828518540942,0.0,0.0,0.0,0.0,0.0,0.0,0.0,0.0,0.0,0.0
-2.10576266e-315,0.0,0.0,0.0,0.00020747923362559646,0.0,0.0,-0.004467183125712386,0.0,0.0,0.0,0.0,0.0,0.0,0.0,0.0,0.0,0.0
-6.65181981e-315,-0.0,-0.0,-0.0,0.0001250979571604231,-0.0,-0.0,-0.0096618771787418,-0.0,-0.0,-0.0,-0.0,-0.0,-0.0,-0.0,-0.0,-0.0,-0.0
-1.3964968e-315,0.0,0.0,0.0,4.6949214194262986e-6,0.0,0.0,-0.0014401848022452546,0.0,0.0,0.0,0.0,0.0,0.0,0.0,0.0,0.0,0.0
-5.106522477e-315,-0.0,-0.0,-0.0,0.00016970208754351788,-0.0,-0.0,-0.013237023246523674,-0.0,-0.0,-0.0,-0.0,-0.0,-0.0,-0.0,-0.0,-0.0,-0.0
2.97221633e-315,0.0,0.0,0.0,-0.00019506167518432973,0.0,0.0,0.013599230954793009,0.0,0.0,0.0,0.0,0.0,0.0,0.0,0.0,0.0,0.0
-1.035965264e-314,0.0,0.0,0.0,0.0005299928037733036,0.0,0.0,-0.032255050329585276,0.0,0.0,0.0,0.0,0.0,0.0,0.0,0.0,0.0,0.0
-6.27129277e-315,-0.0,-0.0,-0.0,0.0003654116255613065,-0.0,-0.0,-0.021988141390284884,-0.0,-0.0,-0.0,-0.0,-0.0,-0.0,-0.0,-0.0,-0.0,-0.0
-4.98441763e-316,0.0,0.0,0.0,-6.245095252313223e-5,0.0,0.0,0.0015563373838883032,0.0,0.0,0.0,0.0,0.0,0.0,0.0,0.0,0.0,0.0
2.31669017e-315,0.0,0.0,0.0,-0.00023902794298136712,0.0,0.0,0.01406245116783859,0.0,0.0,0.0,0.0,0.0,0.0,0.0,0.0,0.0,0.0
6.49760706e-316,-0.0,-0.0,-0.0,-9.278717531928825e-5,-0.0,-0.0,0.004505991972619233,-0.0,-0.0,-0.0,-0.0,-0.0,-0.0,-0.0,-0.0,-0.0,-0.0
2.990112606e-315,-0.0,-0.0,-0.0,-0.00021646936236439926,-0.0,-0.0,0.011962704192733644,-0.0,-0.0,-0.0,-0.0,-0.0,-0.0,-0.0,-0.0,-0.0,-0.0
0.0,0.0,0.0,0.0,0.0,0.0,0.0,0.0,0.0,0.0,0.0,0.0,0.0,0.0,0.0,0.0,0.0,0.0
0.0,0.0,0.0,0.0,0.0,0.0,0.0,0.0,0.0,0.0,0.0,0.0,0.0,0.0,0.0,0.0,0.0,0.0
0.0,0.0,0.0,0.0,0.0,0.0,0.0,0.0,0.0,0.0,0.0,0.0,0.0,0.0,0.0,0.0,0.0,0.0
0.0,0.0,0.0,0.0,0.0,0.0,0.0,0.0,0.0,0.0,0.0,0.0,0.0,0.0,0.0,0.0,0.0,0.0
-0.0,-0.0,-0.0,-0.0,-0.0,-0.0,-0.0,-0.0,-0.0,-0.0,-0.0,-0.0,-0.0,-0.0,-0.0,-0.0,-0.0,-0.0
0.0,0.0,0.0,0.0,0.0,0.0,0.0,0.0,0.0,0.0,0.0,0.0,0.0,0.0,0.0,0.0,0.0,0.0
0.0,0.0,0.0,0.0,0.0,0.0,0.0,0.0,0.0,0.0,0.0,0.0,0.0,0.0,0.0,0.0,0.0,0.0
0.0,0.0,0.0,0.0,0.0,0.0,0.0,0.0,0.0,0.0,0.0,0.0,0.0,0.0,0.0,0.0,0.0,0.0
0.0,0.0,0.0,0.0,0.0,0.0,0.0,0.0,0.0,0.0,0.0,0.0,0.0,0.0,0.0,0.0,0.0,0.0
0.0,0.0,0.0,0.0,0.0,0.0,0.0,0.0,0.0,0.0,0.0,0.0,0.0,0.0,0.0,0.0,0.0,0.0
0.0,0.0,0.0,0.0,0.0,0.0,0.0,0.0,0.0,0.0,0.0,0.0,0.0,0.0,0.0,0.0,0.0,0.0
0.0,0.0,0.0,0.0,0.0,0.0,0.0,0.0,0.0,0.0,0.0,0.0,0.0,0.0,0.0,0.0,0.0,0.0
-0.0,-0.0,-0.0,-0.0,-0.0,-0.0,-0.0,-0.0,-0.0,-0.0,-0.0,-0.0,-0.0,-0.0,-0.0,-0.0,-0.0,-0.0
0.0,0.0,0.0,0.0,0.0,0.0,0.0,0.0,0.0,0.0,0.0,0.0,0.0,0.0,0.0,0.0,0.0,0.0
