timestamp,elapsed_s,evals,best_obj,decomp_Y,decomp_PH,decomp_L,decomp_Agg,decomp_Rank,decomp_CorrYP,decomp_NLab,decomp_Om,decomp_ACagg,decomp_ACsec,fails,ms_per_eval,klein_hit_pct
2026-08-25T15:52:37,22.4,50,8.280501,0.1350,0.7998,0.0000,0.6302,0.0000,3.3064,0.0833,0.0091,0.4551,2.0660,0,448.2,0
2026-08-25T15:52:49,35.6,100,7.683008,0.0895,0.6478,0.0000,0.5714,0.0000,2.3319,0.7941,0.0091,0.3867,1.8269,0,263.9,0
2026-08-25T15:53:05,50.8,150,6.652297,0.0644,0.6067,0.0000,0.5718,0.0000,2.7130,0.2635,0.0091,0.3609,1.3633,0,303.3,0
2026-08-25T15:53:12,58.6,200,6.358767,0.0393,0.5322,0.0000,0.6052,0.0000,2.4702,0.6053,0.0091,0.3249,1.0217,0,156.2,0
2026-08-25T15:53:24,70.0,250,6.056690,0.0534,0.5840,0.0000,0.6199,0.0000,2.2872,0.3630,0.0091,0.3173,1.0788,0,227.6,0
2026-08-25T15:53:33,78.8,300,5.984718,0.0351,0.5075,0.0000,0.6197,0.0000,2.4186,0.4275,0.0091,0.3031,0.9425,0,176.0,0
2026-08-25T15:53:45,91.0,350,5.984718,0.0351,0.5075,0.0000,0.6197,0.0000,2.4186,0.4275,0.0091,0.3031,0.9425,0,243.8,0
2026-08-25T15:53:54,100.3,400,5.984718,0.0351,0.5075,0.0000,0.6197,0.0000,2.4186,0.4275,0.0091,0.3031,0.9425,0,185.9,0
2026-08-25T15:54:06,112.1,450,5.984718,0.0351,0.5075,0.0000,0.6197,0.0000,2.4186,0.4275,0.0091,0.3031,0.9425,0,237.4,0
2026-08-25T15:54:15,121.3,500,5.984718,0.0351,0.5075,0.0000,0.6197,0.0000,2.4186,0.4275,0.0091,0.3031,0.9425,0,184.3,0
2026-08-25T15:54:27,133.5,550,5.984718,0.0351,0.5075,0.0000,0.6197,0.0000,2.4186,0.4275,0.0091,0.3031,0.9425,0,243.3,0
2026-08-25T15:54:38,144.0,600,5.974386,0.0385,0.5449,0.0000,0.6258,0.0000,2.3712,0.3548,0.0091,0.3063,0.9829,0,211.0,0
2026-08-25T15:54:51,157.5,650,5.907857,0.0454,0.5726,0.0000,0.6193,0.0000,2.3247,0.2794,0.0091,0.3079,1.0023,0,269.7,0
2026-08-25T15:55:01,167.6,700,5.898440,0.0460,0.5622,0.0000,0.6220,0.0000,2.3292,0.2742,0.0091,0.3028,0.9817,0,202.2,0
2026-08-25T15:55:11,177.0,750,5.860698,0.0417,0.5648,0.0000,0.6426,0.0000,2.2591,0.2264,0.0091,0.2932,0.9908,0,187.5,0
2026-08-25T15:55:24,189.7,800,5.833481,0.0412,0.5653,0.0000,0.6406,0.0000,2.2658,0.2283,0.0091,0.2916,0.9713,0,253.5,0
2026-08-25T15:55:32,198.2,850,5.822433,0.0528,0.5987,0.0000,0.6239,0.0000,2.2404,0.2169,0.0091,0.3010,1.0074,0,170.5,0
2026-08-25T15:55:45,210.7,900,5.813249,0.0494,0.5902,0.0000,0.6249,0.0000,2.2496,0.2158,0.0091,0.2991,0.9969,0,249.3,0
2026-08-25T15:55:53,219.1,950,5.813249,0.0494,0.5902,0.0000,0.6249,0.0000,2.2496,0.2158,0.0091,0.2991,0.9969,0,168.2,0
2026-08-25T15:56:03,229.5,1000,5.813249,0.0494,0.5902,0.0000,0.6249,0.0000,2.2496,0.2158,0.0091,0.2991,0.9969,0,209.0,0
2026-08-25T15:56:12,238.5,1050,5.813249,0.0494,0.5902,0.0000,0.6249,0.0000,2.2496,0.2158,0.0091,0.2991,0.9969,0,179.8,0
2026-08-25T15:56:26,252.4,1100,5.812572,0.0482,0.5836,0.0000,0.6272,0.0000,2.2497,0.2172,0.0091,0.2973,0.9867,0,277.6,0
2026-08-25T15:56:41,267.0,1150,5.812572,0.0482,0.5836,0.0000,0.6272,0.0000,2.2497,0.2172,0.0091,0.2973,0.9867,0,291.5,0
2026-08-25T15:57:01,286.8,1200,5.811721,0.0479,0.5842,0.0000,0.6265,0.0000,2.2513,0.2153,0.0091,0.2976,0.9882,0,396.7,0
2026-08-25T15:57:13,299.6,1250,5.811721,0.0479,0.5842,0.0000,0.6265,0.0000,2.2513,0.2153,0.0091,0.2976,0.9882,0,256.4,0
2026-08-25T15:57:30,316.5,1300,5.811721,0.0479,0.5842,0.0000,0.6265,0.0000,2.2513,0.2153,0.0091,0.2976,0.9882,0,337.6,0
2026-08-25T15:57:43,329.1,1350,5.811721,0.0479,0.5842,0.0000,0.6265,0.0000,2.2513,0.2153,0.0091,0.2976,0.9882,0,251.6,0
2026-08-25T15:57:57,342.7,1400,5.811721,0.0479,0.5842,0.0000,0.6265,0.0000,2.2513,0.2153,0.0091,0.2976,0.9882,0,272.2,0
2026-08-25T15:58:06,352.1,1450,5.811721,0.0479,0.5842,0.0000,0.6265,0.0000,2.2513,0.2153,0.0091,0.2976,0.9882,0,187.8,0
2026-08-25T15:58:19,365.2,1500,5.811397,0.0474,0.5826,0.0000,0.6270,0.0000,2.2518,0.2176,0.0091,0.2972,0.9863,0,262.9,0
2026-08-25T15:58:30,376.1,1550,5.811397,0.0474,0.5826,0.0000,0.6270,0.0000,2.2518,0.2176,0.0091,0.2972,0.9863,0,216.5,0
2026-08-25T15:58:42,388.2,1600,5.811397,0.0474,0.5826,0.0000,0.6270,0.0000,2.2518,0.2176,0.0091,0.2972,0.9863,0,243.4,0
2026-08-25T15:58:53,398.8,1650,5.811397,0.0474,0.5826,0.0000,0.6270,0.0000,2.2518,0.2176,0.0091,0.2972,0.9863,0,210.6,0
2026-08-25T15:59:06,412.1,1700,5.811397,0.0474,0.5826,0.0000,0.6270,0.0000,2.2518,0.2176,0.0091,0.2972,0.9863,0,266.0,0
2026-08-25T15:59:16,421.7,1750,5.811397,0.0474,0.5826,0.0000,0.6270,0.0000,2.2518,0.2176,0.0091,0.2972,0.9863,0,192.6,0
2026-08-25T15:59:27,433.1,1800,5.811397,0.0474,0.5826,0.0000,0.6270,0.0000,2.2518,0.2176,0.0091,0.2972,0.9863,0,227.4,0
2026-08-25T15:59:36,442.5,1850,5.811397,0.0474,0.5826,0.0000,0.6270,0.0000,2.2518,0.2176,0.0091,0.2972,0.9863,0,188.0,0
2026-08-25T15:59:47,452.9,1900,5.811397,0.0474,0.5826,0.0000,0.6270,0.0000,2.2518,0.2176,0.0091,0.2972,0.9863,0,208.5,0
2026-08-25T15:59:56,462.2,1950,5.811397,0.0474,0.5826,0.0000,0.6270,0.0000,2.2518,0.2176,0.0091,0.2972,0.9863,0,185.7,0
2026-08-25T16:00:05,471.4,2000,5.811397,0.0474,0.5826,0.0000,0.6270,0.0000,2.2518,0.2176,0.0091,0.2972,0.9863,0,184.9,0
2026-08-25T16:00:20,486.1,2050,5.811397,0.0474,0.5826,0.0000,0.6270,0.0000,2.2518,0.2176,0.0091,0.2972,0.9863,0,293.4,0
2026-08-25T16:00:37,502.7,2100,5.811397,0.0474,0.5826,0.0000,0.6270,0.0000,2.2518,0.2176,0.0091,0.2972,0.9863,0,332.2,0
2026-08-25T16:00:46,512.5,2150,5.811397,0.0474,0.5826,0.0000,0.6270,0.0000,2.2518,0.2176,0.0091,0.2972,0.9863,0,195.7,0
2026-08-25T16:00:55,520.9,2200,5.811397,0.0474,0.5826,0.0000,0.6270,0.0000,2.2518,0.2176,0.0091,0.2972,0.9863,0,169.0,0
2026-08-25T16:01:06,532.3,2250,5.811397,0.0474,0.5826,0.0000,0.6270,0.0000,2.2518,0.2176,0.0091,0.2972,0.9863,0,228.0,0
2026-08-25T16:01:14,540.5,2300,5.811397,0.0474,0.5826,0.0000,0.6270,0.0000,2.2518,0.2176,0.0091,0.2972,0.9863,0,163.3,0
2026-08-25T16:01:28,554.4,2350,5.811397,0.0474,0.5826,0.0000,0.6270,0.0000,2.2518,0.2176,0.0091,0.2972,0.9863,0,278.1,0
2026-08-25T16:01:38,564.2,2400,5.811397,0.0474,0.5826,0.0000,0.6270,0.0000,2.2518,0.2176,0.0091,0.2972,0.9863,0,195.7,0
2026-08-25T16:01:52,578.6,2450,5.811397,0.0474,0.5826,0.0000,0.6270,0.0000,2.2518,0.2176,0.0091,0.2972,0.9863,0,287.4,0
2026-08-25T16:02:01,587.5,2500,5.811397,0.0474,0.5826,0.0000,0.6270,0.0000,2.2518,0.2176,0.0091,0.2972,0.9863,0,178.4,0
2026-08-25T16:02:16,602.1,2550,5.811397,0.0474,0.5826,0.0000,0.6270,0.0000,2.2518,0.2176,0.0091,0.2972,0.9863,0,293.2,0
2026-08-25T16:02:24,610.5,2600,5.811397,0.0474,0.5826,0.0000,0.6270,0.0000,2.2518,0.2176,0.0091,0.2972,0.9863,0,167.4,0
2026-08-25T16:02:34,620.1,2650,5.811397,0.0474,0.5826,0.0000,0.6270,0.0000,2.2518,0.2176,0.0091,0.2972,0.9863,0,192.6,0
2026-08-25T16:02:42,628.1,2700,5.811397,0.0474,0.5826,0.0000,0.6270,0.0000,2.2518,0.2176,0.0091,0.2972,0.9863,0,158.4,0
2026-08-25T16:03:01,646.9,2750,5.811397,0.0474,0.5826,0.0000,0.6270,0.0000,2.2518,0.2176,0.0091,0.2972,0.9863,0,377.3,0
2026-08-25T16:03:11,657.5,2800,5.811397,0.0474,0.5826,0.0000,0.6270,0.0000,2.2518,0.2176,0.0091,0.2972,0.9863,0,211.3,0
2026-08-25T16:03:35,680.7,2850,5.811397,0.0474,0.5826,0.0000,0.6270,0.0000,2.2518,0.2176,0.0091,0.2972,0.9863,0,464.9,0
2026-08-25T16:03:52,698.1,2900,5.811397,0.0474,0.5826,0.0000,0.6270,0.0000,2.2518,0.2176,0.0091,0.2972,0.9863,0,346.4,0
2026-08-25T16:04:21,726.9,2950,5.811397,0.0474,0.5826,0.0000,0.6270,0.0000,2.2518,0.2176,0.0091,0.2972,0.9863,0,577.0,0
2026-08-25T16:04:36,741.8,3000,5.811397,0.0474,0.5826,0.0000,0.6270,0.0000,2.2518,0.2176,0.0091,0.2972,0.9863,0,297.2,0
2026-08-25T16:04:49,755.3,3050,5.811397,0.0474,0.5826,0.0000,0.6270,0.0000,2.2518,0.2176,0.0091,0.2972,0.9863,0,270.7,0
2026-08-25T16:05:01,767.5,3100,5.811397,0.0474,0.5826,0.0000,0.6270,0.0000,2.2518,0.2176,0.0091,0.2972,0.9863,0,243.5,0
2026-08-25T16:05:16,781.9,3150,5.811397,0.0474,0.5826,0.0000,0.6270,0.0000,2.2518,0.2176,0.0091,0.2972,0.9863,0,288.8,0
2026-08-25T16:05:27,793.2,3200,5.811397,0.0474,0.5826,0.0000,0.6270,0.0000,2.2518,0.2176,0.0091,0.2972,0.9863,0,225.7,0
2026-08-25T16:05:50,815.8,3250,5.811397,0.0474,0.5826,0.0000,0.6270,0.0000,2.2518,0.2176,0.0091,0.2972,0.9863,0,452.0,0
2026-08-25T16:06:02,827.7,3300,5.811397,0.0474,0.5826,0.0000,0.6270,0.0000,2.2518,0.2176,0.0091,0.2972,0.9863,0,238.4,0
2026-08-25T16:06:13,839.3,3350,5.811397,0.0474,0.5826,0.0000,0.6270,0.0000,2.2518,0.2176,0.0091,0.2972,0.9863,0,231.3,0
2026-08-25T16:06:37,862.7,3400,5.811397,0.0474,0.5826,0.0000,0.6270,0.0000,2.2518,0.2176,0.0091,0.2972,0.9863,0,467.5,0
2026-08-25T16:06:49,875.0,3450,5.811397,0.0474,0.5826,0.0000,0.6270,0.0000,2.2518,0.2176,0.0091,0.2972,0.9863,0,246.0,0
2026-08-25T16:07:05,891.3,3500,5.811397,0.0474,0.5826,0.0000,0.6270,0.0000,2.2518,0.2176,0.0091,0.2972,0.9863,0,326.9,0
2026-08-25T16:07:15,901.0,3550,5.811397,0.0474,0.5826,0.0000,0.6270,0.0000,2.2518,0.2176,0.0091,0.2972,0.9863,0,193.2,0
2026-08-25T16:07:27,913.5,3600,5.811397,0.0474,0.5826,0.0000,0.6270,0.0000,2.2518,0.2176,0.0091,0.2972,0.9863,0,250.6,0
2026-08-25T16:07:37,922.9,3650,5.811397,0.0474,0.5826,0.0000,0.6270,0.0000,2.2518,0.2176,0.0091,0.2972,0.9863,0,189.0,0
2026-08-25T16:07:49,934.7,3700,5.811397,0.0474,0.5826,0.0000,0.6270,0.0000,2.2518,0.2176,0.0091,0.2972,0.9863,0,235.3,0
2026-08-25T16:07:58,944.0,3750,5.811397,0.0474,0.5826,0.0000,0.6270,0.0000,2.2518,0.2176,0.0091,0.2972,0.9863,0,185.9,0
2026-08-25T16:08:11,957.5,3800,5.811397,0.0474,0.5826,0.0000,0.6270,0.0000,2.2518,0.2176,0.0091,0.2972,0.9863,0,269.8,0
2026-08-25T16:08:23,968.9,3850,5.811397,0.0474,0.5826,0.0000,0.6270,0.0000,2.2518,0.2176,0.0091,0.2972,0.9863,0,228.8,0
2026-08-25T16:08:33,979.5,3900,5.811397,0.0474,0.5826,0.0000,0.6270,0.0000,2.2518,0.2176,0.0091,0.2972,0.9863,0,211.0,0
2026-08-25T16:08:44,989.9,3950,5.811397,0.0474,0.5826,0.0000,0.6270,0.0000,2.2518,0.2176,0.0091,0.2972,0.9863,0,207.5,0
2026-08-25T16:08:58,1004.3,4000,5.811397,0.0474,0.5826,0.0000,0.6270,0.0000,2.2518,0.2176,0.0091,0.2972,0.9863,0,288.4,0
2026-08-25T16:09:11,1017.6,4050,5.811397,0.0474,0.5826,0.0000,0.6270,0.0000,2.2518,0.2176,0.0091,0.2972,0.9863,0,266.6,0
2026-08-25T16:09:30,1036.5,4100,5.811397,0.0474,0.5826,0.0000,0.6270,0.0000,2.2518,0.2176,0.0091,0.2972,0.9863,0,377.7,0
2026-08-25T16:09:43,1048.8,4150,5.811397,0.0474,0.5826,0.0000,0.6270,0.0000,2.2518,0.2176,0.0091,0.2972,0.9863,0,246.1,0
2026-08-25T16:10:01,1067.0,4200,5.811397,0.0474,0.5826,0.0000,0.6270,0.0000,2.2518,0.2176,0.0091,0.2972,0.9863,0,365.0,0
2026-08-25T16:10:20,1086.6,4250,5.811397,0.0474,0.5826,0.0000,0.6270,0.0000,2.2518,0.2176,0.0091,0.2972,0.9863,0,391.6,0
2026-08-25T16:10:40,1106.5,4300,5.811397,0.0474,0.5826,0.0000,0.6270,0.0000,2.2518,0.2176,0.0091,0.2972,0.9863,0,397.4,0
2026-08-25T16:10:50,1116.7,4350,5.811397,0.0474,0.5826,0.0000,0.6270,0.0000,2.2518,0.2176,0.0091,0.2972,0.9863,0,203.2,0
2026-08-25T16:11:06,1132.0,4400,5.811397,0.0474,0.5826,0.0000,0.6270,0.0000,2.2518,0.2176,0.0091,0.2972,0.9863,0,306.9,0
2026-08-25T16:11:16,1142.5,4450,5.811397,0.0474,0.5826,0.0000,0.6270,0.0000,2.2518,0.2176,0.0091,0.2972,0.9863,0,209.6,0
2026-08-25T16:11:41,1167.7,4500,5.811397,0.0474,0.5826,0.0000,0.6270,0.0000,2.2518,0.2176,0.0091,0.2972,0.9863,0,503.5,0
2026-08-25T16:11:55,1181.5,4550,5.811397,0.0474,0.5826,0.0000,0.6270,0.0000,2.2518,0.2176,0.0091,0.2972,0.9863,0,277.8,0
2026-08-25T16:12:11,1197.1,4600,5.811397,0.0474,0.5826,0.0000,0.6270,0.0000,2.2518,0.2176,0.0091,0.2972,0.9863,0,311.7,0
2026-08-25T16:12:22,1207.8,4650,5.810747,0.0472,0.5816,0.0000,0.6263,0.0000,2.2548,0.2181,0.0091,0.2973,0.9857,0,212.7,0
2026-08-25T16:12:38,1224.5,4700,5.810747,0.0472,0.5816,0.0000,0.6263,0.0000,2.2548,0.2181,0.0091,0.2973,0.9857,0,335.3,0
2026-08-25T16:12:49,1234.8,4750,5.810747,0.0472,0.5816,0.0000,0.6263,0.0000,2.2548,0.2181,0.0091,0.2973,0.9857,0,205.2,0
2026-08-25T16:13:02,1248.1,4800,5.810747,0.0472,0.5816,0.0000,0.6263,0.0000,2.2548,0.2181,0.0091,0.2973,0.9857,0,266.9,0
2026-08-25T16:13:13,1258.9,4850,5.810747,0.0472,0.5816,0.0000,0.6263,0.0000,2.2548,0.2181,0.0091,0.2973,0.9857,0,214.9,0
2026-08-25T16:13:25,1271.2,4900,5.810747,0.0472,0.5816,0.0000,0.6263,0.0000,2.2548,0.2181,0.0091,0.2973,0.9857,0,245.4,0
2026-08-25T16:13:36,1282.3,4950,5.810747,0.0472,0.5816,0.0000,0.6263,0.0000,2.2548,0.2181,0.0091,0.2973,0.9857,0,222.4,0
2026-08-25T16:13:50,1295.7,5000,5.810747,0.0472,0.5816,0.0000,0.6263,0.0000,2.2548,0.2181,0.0091,0.2973,0.9857,0,267.9,0
2026-08-25T16:14:00,1306.0,5050,5.810747,0.0472,0.5816,0.0000,0.6263,0.0000,2.2548,0.2181,0.0091,0.2973,0.9857,0,207.1,0
2026-08-25T16:14:13,1319.5,5100,5.810747,0.0472,0.5816,0.0000,0.6263,0.0000,2.2548,0.2181,0.0091,0.2973,0.9857,0,270.3,0
2026-08-25T16:14:24,1330.4,5150,5.810747,0.0472,0.5816,0.0000,0.6263,0.0000,2.2548,0.2181,0.0091,0.2973,0.9857,0,217.3,0
2026-08-25T16:14:36,1342.6,5200,5.810747,0.0472,0.5816,0.0000,0.6263,0.0000,2.2548,0.2181,0.0091,0.2973,0.9857,0,245.0,0
2026-08-25T16:14:47,1353.4,5250,5.810747,0.0472,0.5816,0.0000,0.6263,0.0000,2.2548,0.2181,0.0091,0.2973,0.9857,0,214.4,0
2026-08-25T16:15:00,1366.2,5300,5.810747,0.0472,0.5816,0.0000,0.6263,0.0000,2.2548,0.2181,0.0091,0.2973,0.9857,0,256.9,0
2026-08-25T16:15:11,1377.3,5350,5.810747,0.0472,0.5816,0.0000,0.6263,0.0000,2.2548,0.2181,0.0091,0.2973,0.9857,0,222.6,0
2026-08-25T16:15:21,1387.2,5400,5.810747,0.0472,0.5816,0.0000,0.6263,0.0000,2.2548,0.2181,0.0091,0.2973,0.9857,0,196.5,0
2026-08-25T16:15:33,1399.3,5450,5.810747,0.0472,0.5816,0.0000,0.6263,0.0000,2.2548,0.2181,0.0091,0.2973,0.9857,0,243.5,0
2026-08-25T16:15:47,1412.9,5500,5.810747,0.0472,0.5816,0.0000,0.6263,0.0000,2.2548,0.2181,0.0091,0.2973,0.9857,0,270.6,0
2026-08-25T16:15:57,1423.5,5550,5.810747,0.0472,0.5816,0.0000,0.6263,0.0000,2.2548,0.2181,0.0091,0.2973,0.9857,0,212.2,0
2026-08-25T16:16:07,1432.9,5600,5.810747,0.0472,0.5816,0.0000,0.6263,0.0000,2.2548,0.2181,0.0091,0.2973,0.9857,0,188.5,0
2026-08-25T16:16:19,1444.8,5650,5.810747,0.0472,0.5816,0.0000,0.6263,0.0000,2.2548,0.2181,0.0091,0.2973,0.9857,0,236.9,0
2026-08-25T16:16:31,1457.5,5700,5.810747,0.0472,0.5816,0.0000,0.6263,0.0000,2.2548,0.2181,0.0091,0.2973,0.9857,0,254.3,0
2026-08-25T16:16:44,1469.9,5750,5.810747,0.0472,0.5816,0.0000,0.6263,0.0000,2.2548,0.2181,0.0091,0.2973,0.9857,0,248.7,0
2026-08-25T16:16:57,1483.5,5800,5.810747,0.0472,0.5816,0.0000,0.6263,0.0000,2.2548,0.2181,0.0091,0.2973,0.9857,0,272.1,0
2026-08-25T16:17:07,1493.4,5850,5.810747,0.0472,0.5816,0.0000,0.6263,0.0000,2.2548,0.2181,0.0091,0.2973,0.9857,0,197.9,0
2026-08-25T16:17:22,1508.0,5900,5.810747,0.0472,0.5816,0.0000,0.6263,0.0000,2.2548,0.2181,0.0091,0.2973,0.9857,0,291.2,0
2026-08-25T16:17:34,1519.7,5950,5.810747,0.0472,0.5816,0.0000,0.6263,0.0000,2.2548,0.2181,0.0091,0.2973,0.9857,0,233.8,0
2026-08-25T16:17:44,1530.0,6000,5.810747,0.0472,0.5816,0.0000,0.6263,0.0000,2.2548,0.2181,0.0091,0.2973,0.9857,0,206.0,0
2026-08-25T16:17:58,1544.0,6050,5.810747,0.0472,0.5816,0.0000,0.6263,0.0000,2.2548,0.2181,0.0091,0.2973,0.9857,0,280.8,0
2026-08-25T16:18:08,1554.2,6100,5.810747,0.0472,0.5816,0.0000,0.6263,0.0000,2.2548,0.2181,0.0091,0.2973,0.9857,0,203.4,0
2026-08-25T16:18:23,1569.0,6150,5.810747,0.0472,0.5816,0.0000,0.6263,0.0000,2.2548,0.2181,0.0091,0.2973,0.9857,0,296.0,0
2026-08-25T16:18:33,1579.0,6200,5.810747,0.0472,0.5816,0.0000,0.6263,0.0000,2.2548,0.2181,0.0091,0.2973,0.9857,0,200.0,0
2026-08-25T16:18:46,1591.7,6250,5.810747,0.0472,0.5816,0.0000,0.6263,0.0000,2.2548,0.2181,0.0091,0.2973,0.9857,0,255.4,0
2026-08-25T16:19:00,1605.7,6300,5.810747,0.0472,0.5816,0.0000,0.6263,0.0000,2.2548,0.2181,0.0091,0.2973,0.9857,0,278.7,0
2026-08-25T16:19:20,1626.4,6350,5.810747,0.0472,0.5816,0.0000,0.6263,0.0000,2.2548,0.2181,0.0091,0.2973,0.9857,0,414.4,0
2026-08-25T16:19:32,1638.6,6400,5.810747,0.0472,0.5816,0.0000,0.6263,0.0000,2.2548,0.2181,0.0091,0.2973,0.9857,0,243.5,0
2026-08-25T16:19:46,1652.4,6450,5.810747,0.0472,0.5816,0.0000,0.6263,0.0000,2.2548,0.2181,0.0091,0.2973,0.9857,0,277.5,0
2026-08-25T16:19:56,1662.5,6500,5.810747,0.0472,0.5816,0.0000,0.6263,0.0000,2.2548,0.2181,0.0091,0.2973,0.9857,0,202.1,0
2026-08-25T16:20:12,1678.3,6550,5.810747,0.0472,0.5816,0.0000,0.6263,0.0000,2.2548,0.2181,0.0091,0.2973,0.9857,0,314.7,0
2026-08-25T16:20:22,1688.6,6600,5.810747,0.0472,0.5816,0.0000,0.6263,0.0000,2.2548,0.2181,0.0091,0.2973,0.9857,0,206.0,0
2026-08-25T16:20:36,1701.8,6650,5.810747,0.0472,0.5816,0.0000,0.6263,0.0000,2.2548,0.2181,0.0091,0.2973,0.9857,0,263.5,0
2026-08-25T16:20:46,1711.8,6700,5.810747,0.0472,0.5816,0.0000,0.6263,0.0000,2.2548,0.2181,0.0091,0.2973,0.9857,0,200.2,0
2026-08-25T16:21:02,1727.7,6750,5.810747,0.0472,0.5816,0.0000,0.6263,0.0000,2.2548,0.2181,0.0091,0.2973,0.9857,0,318.5,0
2026-08-25T16:21:12,1738.0,6800,5.810747,0.0472,0.5816,0.0000,0.6263,0.0000,2.2548,0.2181,0.0091,0.2973,0.9857,0,206.3,0
2026-08-25T16:21:25,1751.5,6850,5.810747,0.0472,0.5816,0.0000,0.6263,0.0000,2.2548,0.2181,0.0091,0.2973,0.9857,0,269.5,0
2026-08-25T16:21:39,1765.5,6900,5.810747,0.0472,0.5816,0.0000,0.6263,0.0000,2.2548,0.2181,0.0091,0.2973,0.9857,0,280.5,0
2026-08-25T16:21:55,1781.2,6950,5.810747,0.0472,0.5816,0.0000,0.6263,0.0000,2.2548,0.2181,0.0091,0.2973,0.9857,0,314.8,0
2026-08-25T16:22:06,1791.9,7000,5.810747,0.0472,0.5816,0.0000,0.6263,0.0000,2.2548,0.2181,0.0091,0.2973,0.9857,0,212.6,0
2026-08-25T16:22:21,1806.9,7050,5.810747,0.0472,0.5816,0.0000,0.6263,0.0000,2.2548,0.2181,0.0091,0.2973,0.9857,0,300.0,0
2026-08-25T16:22:31,1817.2,7100,5.810747,0.0472,0.5816,0.0000,0.6263,0.0000,2.2548,0.2181,0.0091,0.2973,0.9857,0,207.3,0
2026-08-25T16:22:47,1832.8,7150,5.810747,0.0472,0.5816,0.0000,0.6263,0.0000,2.2548,0.2181,0.0091,0.2973,0.9857,0,311.5,0
2026-08-25T16:23:01,1847.3,7200,5.810747,0.0472,0.5816,0.0000,0.6263,0.0000,2.2548,0.2181,0.0091,0.2973,0.9857,0,289.3,0
2026-08-25T16:23:21,1867.4,7250,5.810747,0.0472,0.5816,0.0000,0.6263,0.0000,2.2548,0.2181,0.0091,0.2973,0.9857,0,401.6,0
2026-08-25T16:23:34,1879.7,7300,5.810747,0.0472,0.5816,0.0000,0.6263,0.0000,2.2548,0.2181,0.0091,0.2973,0.9857,0,247.1,0
2026-08-25T16:23:53,1899.4,7350,5.805882,0.0472,0.5816,0.0000,0.6261,0.0000,2.2498,0.2181,0.0091,0.2974,0.9859,0,392.7,0
2026-08-25T16:24:08,1913.8,7400,5.805882,0.0472,0.5816,0.0000,0.6261,0.0000,2.2498,0.2181,0.0091,0.2974,0.9859,0,289.9,0
2026-08-25T16:24:24,1930.6,7450,5.805882,0.0472,0.5816,0.0000,0.6261,0.0000,2.2498,0.2181,0.0091,0.2974,0.9859,0,335.7,0
2026-08-25T16:24:36,1942.0,7500,5.805882,0.0472,0.5816,0.0000,0.6261,0.0000,2.2498,0.2181,0.0091,0.2974,0.9859,0,227.5,0
2026-08-25T16:24:53,1958.8,7550,5.805882,0.0472,0.5816,0.0000,0.6261,0.0000,2.2498,0.2181,0.0091,0.2974,0.9859,0,335.8,0
2026-08-25T16:25:04,1970.3,7600,5.805882,0.0472,0.5816,0.0000,0.6261,0.0000,2.2498,0.2181,0.0091,0.2974,0.9859,0,230.1,0
2026-08-25T16:25:25,1991.0,7650,5.805882,0.0472,0.5816,0.0000,0.6261,0.0000,2.2498,0.2181,0.0091,0.2974,0.9859,0,414.0,0
2026-08-25T16:25:35,2001.0,7700,5.805882,0.0472,0.5816,0.0000,0.6261,0.0000,2.2498,0.2181,0.0091,0.2974,0.9859,0,200.3,0
