period,variable,value
1,GDP,-5.176247751018727
2,GDP,-2.2218485417448357
3,GDP,-0.94164786270315
4,GDP,-0.3937423937415752
5,GDP,-0.16366167570565177
6,GDP,-0.06986444229904036
7,GDP,-0.03346787364205065
8,GDP,-0.02059237652374923
9,GDP,-0.016935558785831157
10,GDP,-0.016616465276414517
11,GDP,-0.017316881316068816
12,GDP,-0.01818787096785943
13,GDP,-0.018962114889782403
14,GDP,-0.019586671496168735
15,GDP,-0.02007693902732731
16,GDP,-0.020462452019797576
17,GDP,-0.020769389089395136
18,GDP,-0.02101682221654061
19,GDP,-0.021217472508397086
20,GDP,-0.02137948228384531
21,GDP,-0.02150803680121674
22,GDP,-0.02160655600957003
23,GDP,-0.02167747936807609
24,GDP,-0.021722744042938592
25,GDP,-0.021744055557082618
26,GDP,-0.021743027457068846
27,GDP,-0.021721243098841065
28,GDP,-0.021680274054483348
29,GDP,-0.02162167647267747
30,GDP,-0.021546977977128366
31,GDP,-0.021457662127223224
32,GDP,-0.02135515406016032
33,GDP,-0.02124080892539135
34,GDP,-0.021115903590562736
35,GDP,-0.0209816315013324
36,GDP,-0.020839100297173233
37,GDP,-0.020689331685451284
38,GDP,-0.02053326307372789
39,GDP,-0.02037175050604079
40,GDP,-0.020205572514421514
1,pi,0.334863380105746
2,pi,0.12677892599068294
3,pi,0.026031050693543743
4,pi,-0.007760850384820992
5,pi,-0.015601606989855465
6,pi,-0.014475659610041434
7,pi,-0.011003360557804412
8,pi,-0.007534527780561815
9,pi,-0.0047363133003576596
10,pi,-0.0026653836943120045
11,pi,-0.0011943965774709536
12,pi,-0.00016962356392120938
13,pi,0.0005392742029011022
14,pi,0.0010299740617375633
15,pi,0.0013715028014669526
16,pi,0.0016111626433509337
17,pi,0.0017808634082875359
18,pi,0.0019019974276248879
19,pi,0.0019889132891541257
20,pi,0.0020512909403481673
21,pi,0.002095727681681993
22,pi,0.0021267830261564365
23,pi,0.002147662279551792
24,pi,0.0021606627378706667
25,pi,0.002167465348767157
26,pi,0.0021693262435786083
27,pi,0.0021672034773332237
28,pi,0.0021618417809892904
29,pi,0.0021538299951925463
30,pi,0.0021436406153850767
31,pi,0.0021316575187685107
32,pi,0.002118195794380172
33,pi,0.0021035162228703348
34,pi,0.00208783607212558
35,pi,0.0020713373093404442
36,pi,0.0020541729652374416
37,pi,0.002036472149232113
38,pi,0.002018344059294896
39,pi,0.001999881227766208
40,pi,0.0019811621757922777
1,Q,-0.6468451482026766
2,Q,-0.5714019339796639
3,Q,-0.36656396610723835
4,Q,-0.17221119430864765
5,Q,-0.02484538490621201
6,Q,0.07562501273108249
7,Q,0.13940717240072673
8,Q,0.177343963957715
9,Q,0.19814543357937883
10,Q,0.20806743695885838
11,Q,0.21133913046193029
12,Q,0.21070980242956464
13,Q,0.20791457658546209
14,Q,0.20401993361171983
15,Q,0.19966318338215583
16,Q,0.19521194228167635
17,Q,0.19086758902503614
18,Q,0.18673110875219043
19,Q,0.18284435138974645
20,Q,0.17921551326208401
21,Q,0.1758346351566334
22,Q,0.17268285637728767
23,Q,0.16973780657012777
24,Q,0.16697663658236908
25,Q,0.16437762616464063
26,Q,0.16192094932394105
27,Q,0.15958895372303084
28,Q,0.15736617043731346
29,Q,0.15523918352898808
30,Q,0.15319643544724573
31,Q,0.15122801165367356
32,Q,0.14932542819629155
33,Q,0.14748143425857682
34,Q,0.14568983489991008
35,Q,0.14394533536090906
36,Q,0.1422434062442622
37,Q,0.14058016786967475
38,Q,0.13895229169554146
39,Q,0.13735691663119204
40,Q,0.13579157817172155
1,TB,-197.65601983562726
2,TB,-70.59620983797733
3,TB,-19.2901102490459
4,TB,0.31083170378056857
5,TB,7.0562763009870055
6,TB,8.859879431895349
7,TB,8.943620313558169
8,TB,8.553703878717105
9,TB,8.128180290385869
10,TB,7.790203466375473
11,TB,7.550767871246578
12,TB,7.388333613079868
13,TB,7.277605992210876
14,TB,7.198185176973085
15,TB,7.135831275735736
16,TB,7.0814300480790235
17,TB,7.0295517519223285
18,TB,6.977212285555834
19,TB,6.922961679018107
20,TB,6.86626438452612
21,TB,6.807098784360712
22,TB,6.745708426073639
23,TB,6.682453234032233
24,TB,6.6177243418218925
25,TB,6.5518982504749905
26,TB,6.485314605782324
27,TB,6.418267692063635
28,TB,6.351005534833503
29,TB,6.283732928779749
30,TB,6.216616227043713
31,TB,6.149788664339278
32,TB,6.08335555353571
33,TB,6.017399031606921
34,TB,5.951982224852023
35,TB,5.887152810830577
36,TB,5.822946010328054
37,TB,5.75938706833534
38,TB,5.696493291577516
39,TB,5.6342757094316696
40,TB,5.572740419780829
1,C,-0.6622721411436984
2,C,-0.61835448072641
3,C,-0.5113455163118592
4,C,-0.4102658770916231
5,C,-0.3329814165913162
6,C,-0.2792820032832783
7,C,-0.24399573006526012
8,C,-0.22167407721111265
9,C,-0.2079522517100847
10,C,-0.1996995464767155
11,C,-0.19480121899399522
12,C,-0.19188327718149092
13,C,-0.19007892899425896
14,C,-0.18885558066220165
15,C,-0.18789504196790507
16,C,-0.18701379571455026
17,C,-0.18611129780736302
18,C,-0.1851370852602648
19,C,-0.1840701732614058
20,C,-0.18290633557814434
21,C,-0.18165037209914106
22,C,-0.18031149457882598
23,C,-0.17890064052104085
24,C,-0.17742896526617888
25,C,-0.17590704392093187
26,C,-0.1743444931409507
27,C,-0.172749834880072
28,C,-0.17113049418471837
29,C,-0.16949286648020123
30,C,-0.16784241647860343
31,C,-0.16618378711115128
32,C,-0.16452090670227873
33,C,-0.16285708843337202
34,C,-0.16119511953566695
35,C,-0.1595373395629253
36,C,-0.15788570811797573
37,C,-0.15624186290700512
38,C,-0.15460716919363848
39,C,-0.1529827617554143
40,C,-0.1513695803881785
1,N,2.7964040085082233
2,N,1.2559038518370829
3,N,0.6190829694691873
4,N,0.36401295488752944
5,N,0.26661539126275047
6,N,0.2318630897912175
7,N,0.22042959468701673
8,N,0.21666347819261764
9,N,0.21474177481738732
10,N,0.21277012183604518
11,N,0.21032462974384453
12,N,0.20746392415723386
13,N,0.20435603816502187
14,N,0.20115388875216147
15,N,0.19796558145015303
16,N,0.19485700744930964
17,N,0.1918626310754859
18,N,0.18899608856491026
19,N,0.18625833992049867
20,N,0.18364328635298713
21,N,0.18114138406458108
22,N,0.17874184247313393
23,N,0.1764338845923903
24,N,0.17420741369221523
25,N,0.17205331864210213
26,N,0.1699635684510364
27,N,0.16793119040419827
28,N,0.1659501893041938
29,N,0.1640154417648862
30,N,0.1621225848117729
31,N,0.16026790907927352
32,N,0.15844826155832278
33,N,0.1566609597651009
34,N,0.1549037174964655
35,N,0.15317458145789214
36,N,0.1514718776530944
37,N,0.1497941663015054
38,N,0.14814020407421233
39,N,0.14650891253612683
40,N,0.1448993518091611
1,w,1.471859133824908
2,w,0.018552375446079617
3,w,-0.40410423839516135
4,w,-0.4568701026018757
5,w,-0.3995866038411489
6,w,-0.32686222320797564
7,w,-0.2676725989610754
8,w,-0.22676423014585279
9,w,-0.20122404007456848
10,w,-0.18668029803942213
11,w,-0.17932422779368448
12,w,-0.17634714378045813
13,w,-0.17584611453438193
14,w,-0.17660222518527002
15,w,-0.17787050379820468
16,w,-0.1792177431601778
17,w,-0.1804082353840428
18,w,-0.18132733934351544
19,w,-0.18193209167965285
20,w,-0.18222013081996927
21,w,-0.18221060648436033
22,w,-0.18193274588801187
23,w,-0.18141921699888944
24,w,-0.18070244371807623
25,w,-0.17981270314701672
26,w,-0.178777274008309
27,w,-0.1776201857759066
28,w,-0.17636229499946635
29,w,-0.17502152566936982
30,w,-0.17361317856958527
31,w,-0.1721502561004106
32,w,-0.17064377403370495
33,w,-0.16910304641630264
34,w,-0.16753593833076158
35,w,-0.16594908592764127
36,w,-0.16434808558865843
37,w,-0.16273765520346967
38,w,-0.16112177091505128
39,w,-0.15950378265267817
40,w,-0.15788651153027286
1,r,0.2146143253121121
2,r,0.24011950082700054
3,r,0.19443305315290718
4,r,0.13897200530119871
5,r,0.09290670496663962
6,r,0.05953917306971306
7,r,0.03707079119910594
8,r,0.022665132035263286
9,r,0.013795987366496664
10,r,0.008557825453082923
11,r,0.0056222554140192855
12,r,0.004104826964626347
13,r,0.0034345846524484244
14,r,0.003251610222872694
15,r,0.003333783399430419
16,r,0.0035470288016677975
17,r,0.003812559721490358
18,r,0.004085764226870483
19,r,0.004342807767557667
20,r,0.004572241416612866
21,r,0.0047698083033344205
22,r,0.00493526978461028
23,r,0.005070494641252632
24,r,0.005178330776153267
25,r,0.005261956943298135
26,r,0.0053245255565061945
27,r,0.00536897940357551
28,r,0.005397970170571009
29,r,0.005413834824251628
30,r,0.005418603368160789
31,r,0.005414022260896196
32,r,0.005401584379923516
33,r,0.005382560413854946
34,r,0.005358028961925983
35,r,0.005328904030244585
36,r,0.005295959424896914
37,r,0.005259849990244877
38,r,0.005221129873346335
39,r,0.005180268102073864
40,r,0.00513766179964268
1,Y_1,6.4889728049906115
2,Y_1,2.0439806523977504
3,Y_1,0.3933626883044726
4,Y_1,-0.13479283748024676
5,Y_1,-0.24145298232265164
6,Y_1,-0.20984634216460687
7,Y_1,-0.1476682861816701
8,Y_1,-0.09119227026231742
9,Y_1,-0.049198083884551574
10,Y_1,-0.020965100605392695
11,Y_1,-0.003279985702708889
12,Y_1,0.007083586162361542
13,Y_1,0.012667931676335195
14,Y_1,0.01527892674418526
15,Y_1,0.016125543363872903
16,Y_1,0.01598451674264768
17,Y_1,0.015337982358090257
18,Y_1,0.014474932696718734
19,Y_1,0.013561351053523761
20,Y_1,0.012686841046081511
21,Y_1,0.011894807279679554
22,Y_1,0.011201582354460933
23,Y_1,0.010608320110105257
24,Y_1,0.010108245122147431
25,Y_1,0.009690967408200876
26,Y_1,0.009344969042875132
27,Y_1,0.00905896932483054
28,Y_1,0.00882261440000072
29,Y_1,0.008626769596057252
30,Y_1,0.008463586058410343
31,Y_1,0.008326446023882453
32,Y_1,0.008209849028997986
33,Y_1,0.0081092753151027
34,Y_1,0.008021046745507111
35,Y_1,0.00794219591809069
36,Y_1,0.007870348449671065
37,Y_1,0.007803620119204487
38,Y_1,0.007740528740991688
39,Y_1,0.007679919707859085
40,Y_1,0.0076209037334294205
1,PH_1,-0.054128563339742676
2,PH_1,-0.05180656030100806
3,PH_1,-0.02703228531632104
4,PH_1,-0.006904641630369733
5,PH_1,0.00380336726693262
6,PH_1,0.00695657927999017
7,PH_1,0.005444347551736206
8,PH_1,0.0015676182222693455
9,PH_1,-0.0031872126033285837
10,PH_1,-0.00797959081387016
11,PH_1,-0.012394747531186447
12,PH_1,-0.016269569583692325
13,PH_1,-0.01957639928720331
14,PH_1,-0.022352669797036498
15,PH_1,-0.02466139562171604
16,PH_1,-0.02657064777301506
17,PH_1,-0.028143965905167715
18,PH_1,-0.029436697425186
19,PH_1,-0.03049532570888011
20,PH_1,-0.03135815158976924
21,PH_1,-0.032056465979378966
22,PH_1,-0.032615790616149484
23,PH_1,-0.03305700219526925
24,PH_1,-0.03339727770930733
25,PH_1,-0.03365085733135038
26,PH_1,-0.033829645652398654
27,PH_1,-0.033943679452778805
28,PH_1,-0.034001489626585384
29,PH_1,-0.034010381171065876
30,PH_1,-0.033976650650871
31,PH_1,-0.03390575630396328
32,PH_1,-0.0338024523620924
33,PH_1,-0.03367089628606637
34,PH_1,-0.033514735399349835
35,PH_1,-0.0333371777313231
36,PH_1,-0.03314105063859014
37,PH_1,-0.03292884985745669
38,PH_1,-0.032702780970332086
39,PH_1,-0.03246479477888888
40,PH_1,-0.03221661771861209
1,MC_1,0.47529641199186423
2,MC_1,0.22079534480398083
3,MC_1,0.10619188202157433
4,MC_1,0.052413656831551476
5,MC_1,0.025438426736940207
6,MC_1,0.010468930479471195
7,MC_1,0.0010828938940912012
8,MC_1,-0.005515829152774386
9,MC_1,-0.010563271703484287
10,MC_1,-0.014627467367981949
11,MC_1,-0.01799022877848298
12,MC_1,-0.020808920948006713
13,MC_1,-0.023184402219559294
14,MC_1,-0.02518947498544678
15,MC_1,-0.02688097409910913
16,MC_1,-0.02830518287769012
17,MC_1,-0.02950055439342989
18,MC_1,-0.0304993293705241
19,MC_1,-0.03132866856383795
20,MC_1,-0.03201153336390505
21,MC_1,-0.03256740365513921
22,MC_1,-0.03301287082318879
23,MC_1,-0.03336212715459258
24,MC_1,-0.033627367731623455
25,MC_1,-0.03381911896759766
26,MC_1,-0.033946506490776636
27,MC_1,-0.03401747354159117
28,MC_1,-0.034038959402241005
29,MC_1,-0.03401704576245403
30,MC_1,-0.033957077449163736
31,MC_1,-0.033863762668163724
32,MC_1,-0.03374125683739322
33,MC_1,-0.03359323322333389
34,MC_1,-0.03342294290008412
35,MC_1,-0.03323326600675768
36,MC_1,-0.0330267558552844
37,MC_1,-0.03280567711280365
38,MC_1,-0.03257203902982262
39,MC_1,-0.03232762449021096
40,MC_1,-0.0320740155084492
1,L_1,5.009812517180466
2,L_1,2.3445946276724774
3,L_1,1.1510666143359596
4,L_1,0.6213545444957265
5,L_1,0.38961358892756787
6,L_1,0.29105395107602705
7,L_1,0.25144650009724456
8,L_1,0.23740924941037592
9,L_1,0.23400291218486483
10,L_1,0.23461593765257685
11,L_1,0.23639017837953263
12,L_1,0.23814966455383682
13,L_1,0.23946266508809722
14,L_1,0.2402178889808972
15,L_1,0.24043427386869137
16,L_1,0.24017690376192188
17,L_1,0.23952101232397183
18,L_1,0.23853759654258952
19,L_1,0.23728856672068144
20,L_1,0.23582594621919695
21,L_1,0.23419265278655232
22,L_1,0.2324237755784128
23,L_1,0.23054789194093753
24,L_1,0.22858825152938267
25,L_1,0.22656377946159112
26,L_1,0.22448990149882572
27,L_1,0.2223792127828422
28,L_1,0.22024201595787596
29,L_1,0.2180867530525602
30,L_1,0.2159203520969048
31,L_1,0.213748505740092
32,L_1,0.2115758957570882
33,L_1,0.20940637448210017
34,L_1,0.2072431118925706
35,L_1,0.20508871522600042
36,L_1,0.20294532656237452
37,L_1,0.20081470266963883
38,L_1,0.19869828052169725
39,L_1,0.19659723120331715
40,L_1,0.19451250437100764
1,Y_2,1.4795194918555177
2,Y_2,0.5136283859322818
3,Y_2,0.1880309266432945
4,Y_2,0.10373377006015759
5,Y_2,0.09953458036310299
6,Y_2,0.11474009907513491
7,Y_2,0.12912068501701948
8,Y_2,0.13779035687431182
9,Y_2,0.1410407062340715
10,Y_2,0.14045262293577124
11,Y_2,0.1375625534563863
12,Y_2,0.1335148160369343
13,Y_2,0.12905826036364387
14,Y_2,0.12463727690327805
15,Y_2,0.12048827229177622
16,Y_2,0.11671605547742175
17,Y_2,0.1133474866154845
18,Y_2,0.11036662401157507
19,Y_2,0.10773659710546392
20,Y_2,0.10541258496277514
21,Y_2,0.10334910098621301
22,Y_2,0.10150376459688024
23,Y_2,0.09983898190329121
24,Y_2,0.09832243329191358
25,Y_2,0.09692691951291127
26,Y_2,0.09562989575200877
27,Y_2,0.09441288411102017
28,Y_2,0.09326086966982773
29,Y_2,0.09216173418975183
30,Y_2,0.09110575167257792
31,Y_2,0.09008515317208346
32,Y_2,0.08909375927668069
33,Y_2,0.08812667432000484
34,Y_2,0.08718003465631273
35,Y_2,0.08625080306727344
36,Y_2,0.08533660183907589
37,Y_2,0.08443557785412424
38,Y_2,0.0835462939504581
39,Y_2,0.08266764169239997
40,Y_2,0.08179877150869128
1,PH_2,-0.2177050362937004
2,PH_2,-0.27140410185757297
3,PH_2,-0.24816708522166653
4,PH_2,-0.20520706857378915
5,PH_2,-0.16347641764251628
6,PH_2,-0.12914799239060099
7,PH_2,-0.10284841515678529
8,PH_2,-0.08341801388430498
9,PH_2,-0.06935589870041851
10,PH_2,-0.05931352098542899
11,PH_2,-0.052215871672203096
12,PH_2,-0.04725018771798854
13,PH_2,-0.043817364815211014
14,PH_2,-0.041480979202166486
15,PH_2,-0.03992462019492969
16,PH_2,-0.038919157047789
17,PH_2,-0.03829861260852626
18,PH_2,-0.037942705179530564
19,PH_2,-0.03776430279541916
20,PH_2,-0.037700411470799264
21,PH_2,-0.03770568081610872
22,PH_2,-0.037747699467226184
23,PH_2,-0.037803566661535455
24,PH_2,-0.037857378805069154
25,PH_2,-0.03789837670167168
26,PH_2,-0.03791957342135983
27,PH_2,-0.03791673445623931
28,PH_2,-0.03788761788753486
29,PH_2,-0.03783140764427983
30,PH_2,-0.037748290907882606
31,PH_2,-0.03763914357556874
32,PH_2,-0.03750529698315508
33,PH_2,-0.03734836585841751
34,PH_2,-0.03717012245598218
35,PH_2,-0.03697240551658834
36,PH_2,-0.03675705545042463
37,PH_2,-0.03652586921570705
38,PH_2,-0.03628056992837951
39,PH_2,-0.03602278742590804
40,PH_2,-0.03575404691189111
1,MC_2,0.22185739177013977
2,MC_2,-0.03261118670081633
3,MC_2,-0.10624741640572262
4,MC_2,-0.11324336476305157
5,MC_2,-0.09959834770112543
6,MC_2,-0.08265251805056034
7,MC_2,-0.06808556053075329
8,MC_2,-0.05709783419302421
9,MC_2,-0.04935655907224629
10,MC_2,-0.04414531240092462
11,MC_2,-0.040771135611883474
12,MC_2,-0.03867822479103362
13,MC_2,-0.03745486784855334
14,MC_2,-0.03680821206674342
15,MC_2,-0.03653459424244952
16,MC_2,-0.03649426950685335
17,MC_2,-0.036592221257932454
18,MC_2,-0.03676435583252715
19,MC_2,-0.03696784208781768
20,MC_2,-0.037174444002943945
21,MC_2,-0.03736594487560873
22,MC_2,-0.037531008826143415
23,MC_2,-0.03766302265279938
24,MC_2,-0.03775860534493365
25,MC_2,-0.03781657340795243
26,MC_2,-0.03783721896144025
27,MC_2,-0.03782180392215291
28,MC_2,-0.037772204631139526
29,MC_2,-0.03769066206609303
30,MC_2,-0.037579606729420456
31,MC_2,-0.037441536717045434
32,MC_2,-0.03727893387463023
33,MC_2,-0.03709420734025878
34,MC_2,-0.03688965681673527
35,MC_2,-0.036667450048921905
36,MC_2,-0.03642961049130191
37,MC_2,-0.03617801223128453
38,MC_2,-0.035914380014537305
39,MC_2,-0.0356402927880289
40,MC_2,-0.03535718959500991
1,L_2,-0.37582116575807784
2,L_2,0.43685431421515863
3,L_2,0.6298159018339546
4,L_2,0.6137014148374083
5,L_2,0.544851084025867
6,L_2,0.477325183385856
7,L_2,0.4255028233877885
8,L_2,0.3897764049674773
9,L_2,0.3666149580856529
10,L_2,0.3521775506489113
11,L_2,0.34337777851524987
12,L_2,0.33801705393242054
13,L_2,0.33463138060979236
14,L_2,0.3322909114860936
15,L_2,0.3304287656876176
16,L_2,0.32871426502056666
17,L_2,0.326965496276556
18,L_2,0.32509151949416576
19,L_2,0.3230552826383898
20,L_2,0.320850376701401
21,L_2,0.3184867799180571
22,L_2,0.31598231887224953
23,L_2,0.3133577028289621
24,L_2,0.31063375499187607
25,L_2,0.3078299705314179
26,L_2,0.3049638583905877
27,L_2,0.30205073228854024
28,L_2,0.2991037475929196
29,L_2,0.2961340625640251
30,L_2,0.2931510529936374
31,L_2,0.29016254011333514
32,L_2,0.2871750102414047
33,L_2,0.28419381565163304
34,L_2,0.2812233525142775
35,L_2,0.2782672153071472
36,L_2,0.27532832895497344
37,L_2,0.272409060824255
38,L_2,0.26951131500309145
39,L_2,0.2666366112872786
40,L_2,0.2637861511273766
1,Y_3,3.0173028206613237
2,Y_3,0.31534177660778134
3,Y_3,-0.4925262620137624
4,Y_3,-0.6079299232806933
5,Y_3,-0.5088559064387828
6,Y_3,-0.3727911008866808
7,Y_3,-0.2565664632035648
8,Y_3,-0.1715918525545909
9,Y_3,-0.11427871654702174
10,Y_3,-0.07764033411042602
11,Y_3,-0.05523031196174172
12,Y_3,-0.042124950095474324
13,Y_3,-0.03487672761538206
14,Y_3,-0.03119058524379739
15,Y_3,-0.02959045677488977
16,Y_3,-0.029152766930488454
17,Y_3,-0.02931440668403249
18,Y_3,-0.029741794279503648
19,Y_3,-0.03024456159362018
20,Y_3,-0.030719960428885223
21,Y_3,-0.031117682902115338
22,Y_3,-0.031417937071038245
23,Y_3,-0.0316179878214163
24,Y_3,-0.03172403352391499
25,Y_3,-0.03174640700626278
26,Y_3,-0.031696823589510426
27,Y_3,-0.03158687311644432
28,Y_3,-0.03142725554554883
29,Y_3,-0.031227451113435157
30,Y_3,-0.03099563624473866
31,Y_3,-0.03073873130890043
32,Y_3,-0.030462512694384023
33,Y_3,-0.030171750135695417
34,Y_3,-0.029870347523624528
35,Y_3,-0.029561475796487668
36,Y_3,-0.02924769260915409
37,Y_3,-0.02893104696722405
38,Y_3,-0.02861316892726455
39,Y_3,-0.028295345437907102
40,Y_3,-0.027978583822209493
1,PH_3,1.1427372707865242
2,PH_3,1.2367405878593192
3,PH_3,1.0304582257515984
4,PH_3,0.7798585929624184
5,PH_3,0.5660666191947304
6,PH_3,0.40458802963743157
7,PH_3,0.28929943162448307
8,PH_3,0.20923251147578095
9,PH_3,0.15427972061997577
10,PH_3,0.11662115468819613
11,PH_3,0.09065851962377071
12,PH_3,0.072543914220276
13,PH_3,0.05969151242914672
14,PH_3,0.05038438539568164
15,PH_3,0.043488362101193584
16,PH_3,0.03825429027958424
17,PH_3,0.03418534868782397
18,PH_3,0.03094954676757892
19,PH_3,0.028322606399659823
20,PH_3,0.026150876779051643
21,PH_3,0.02432730353608796
22,PH_3,0.022775846011682067
23,PH_3,0.021441342618460698
24,PH_3,0.02028288597411699
25,PH_3,0.019269461264434212
26,PH_3,0.01837704792821403
27,PH_3,0.017586671539027716
28,PH_3,0.016883076344004048
29,PH_3,0.016253806298394832
30,PH_3,0.01568855749462011
31,PH_3,0.015178712945835771
32,PH_3,0.014717001529899253
33,PH_3,0.014297242762284655
34,PH_3,0.01391415191216356
35,PH_3,0.013563188328427879
36,PH_3,0.013240435309281899
37,PH_3,0.012942503455415508
38,PH_3,0.012666451848028755
39,PH_3,0.012409723009176626
40,PH_3,0.012170088703238272
1,MC_3,6.9538491405687965
2,MC_3,3.0748001812426016
3,MC_3,1.3740411285354752
4,MC_3,0.6314415716681773
5,MC_3,0.3082249583875158
6,MC_3,0.16737375321007478
7,MC_3,0.10518867834953176
8,MC_3,0.07663639971016473
9,MC_3,0.062356407850140204
10,MC_3,0.054136312949126304
11,MC_3,0.04855246602190979
12,MC_3,0.044207027111884206
13,MC_3,0.0405406878400314
14,MC_3,0.03733051606492934
15,MC_3,0.034482492115863426
16,MC_3,0.03194881019185567
17,MC_3,0.029696763278988167
18,MC_3,0.027698178193311152
19,MC_3,0.02592654425481892
20,MC_3,0.024356701891470538
21,MC_3,0.022965165368227566
22,MC_3,0.02173043959135734
23,MC_3,0.0206331759156662
24,MC_3,0.01965617447206727
25,MC_3,0.018784280646752218
26,MC_3,0.018004221845472772
27,MC_3,0.017304418530297797
28,MC_3,0.016674791403163077
29,MC_3,0.016106577383219033
30,MC_3,0.015592160792565375
31,MC_3,0.015124922271779034
32,MC_3,0.014699105676365825
33,MC_3,0.014309701985331765
34,MC_3,0.013952348678615004
35,MC_3,0.013623242843540141
36,MC_3,0.013319066282759112
37,MC_3,0.013036921014503662
38,MC_3,0.01277427372005823
39,MC_3,0.012528907869271355
40,MC_3,0.012298882424737222
1,L_3,11.154023300047314
2,L_3,4.851051031407363
3,L_3,2.146268227580473
4,L_3,1.0070683726953562
5,L_3,0.541449823091548
6,L_3,0.3605588463159458
7,L_3,0.29666148170552015
8,L_3,0.2785570089096825
9,L_3,0.27677806113683034
10,L_3,0.2796359127937568
11,L_3,0.28284391124525404
12,L_3,0.28508330218849065
13,L_3,0.2861477053518221
14,L_3,0.286192534473585
15,L_3,0.28544883111125646
16,L_3,0.2841263709434499
17,L_3,0.28238994774174037
18,L_3,0.28036121178959594
19,L_3,0.2781274320838874
20,L_3,0.27575051316340515
21,L_3,0.27327432464787726
22,L_3,0.2707301287918307
23,L_3,0.2681404223590142
24,L_3,0.26552159540693904
25,L_3,0.262885753164349
26,L_3,0.2602419620619492
27,L_3,0.25759710499946986
28,L_3,0.254956472860891
29,L_3,0.25232417793561324
30,L_3,0.24970344653464324
31,L_3,0.24709682902758923
32,L_3,0.24450635285528238
33,L_3,0.24193363569010223
34,L_3,0.23937997037216632
35,L_3,0.23684638957238843
36,L_3,0.23433371568107142
37,L_3,0.23184259977279978
38,L_3,0.22937355238070892
39,L_3,0.22692696804697826
40,L_3,0.2245031450848335
1,Y_4,3.1838214789484445
2,Y_4,0.8842573723367709
3,Y_4,0.10509683517568164
4,Y_4,-0.0963846175720257
5,Y_4,-0.10277848592632506
6,Y_4,-0.05974871281402617
7,Y_4,-0.016917139057297827
8,Y_4,0.012942916126939876
9,Y_4,0.029787067269432456
10,Y_4,0.03696627042817196
11,Y_4,0.03794975030389272
12,Y_4,0.035412328890598734
13,Y_4,0.031166023710873802
14,Y_4,0.026337318771802835
15,Y_4,0.02157281071916072
16,Y_4,0.017207330938990427
17,Y_4,0.01338446908858345
18,Y_4,0.010137001345904296
19,Y_4,0.007437995127199624
20,Y_4,0.0052319711430089625
21,Y_4,0.0034531125444628875
22,Y_4,0.0020353469543252767
23,Y_4,0.0009174843190746248
24,Y_4,4.544424598033878e-5
25,Y_4,-0.0006271605738035792
26,Y_4,-0.001139314607969557
27,Y_4,-0.0015233070106977725
28,Y_4,-0.001805594698021166
29,Y_4,-0.0020076776816628666
30,Y_4,-0.00214691395650688
31,Y_4,-0.0022372422096014434
32,Y_4,-0.002289803548599524
33,Y_4,-0.002313465571179082
34,Y_4,-0.002315257885929277
35,Y_4,-0.0023007303784035953
36,Y_4,-0.002274245735343706
37,Y_4,-0.0022392169657429973
38,Y_4,-0.0021982994491818314
39,Y_4,-0.0021535457114941385
40,Y_4,-0.0021065298395246766
1,PH_4,-0.26348476745129473
2,PH_4,-0.3349594341385662
3,PH_4,-0.3109802681448461
4,PH_4,-0.2569964791542037
5,PH_4,-0.19972744221058697
6,PH_4,-0.1489051742455761
7,PH_4,-0.10711498201400768
8,PH_4,-0.07411545058148512
9,PH_4,-0.0487004281011366
10,PH_4,-0.02947251822945908
11,PH_4,-0.015139830765777807
12,PH_4,-0.00460849687038888
13,PH_4,0.003008412268382468
14,PH_4,0.00841284217207024
15,PH_4,0.012152149501577033
16,PH_4,0.014648905281224285
17,PH_4,0.016226926832454233
18,PH_4,0.017132830648387398
19,PH_4,0.01755337434795591
20,PH_4,0.017629179835193007
21,PH_4,0.017465480023776812
22,PH_4,0.01714047590672367
23,PH_4,0.016711802513134092
24,PH_4,0.016221511942308302
25,PH_4,0.015699900752999967
26,PH_4,0.015168440777627044
27,PH_4,0.014642016746787737
28,PH_4,0.014130629490219376
29,PH_4,0.013640688141798809
30,PH_4,0.013175987002500923
31,PH_4,0.012738441003399402
32,PH_4,0.012328636803758364
33,PH_4,0.011946243432797396
34,PH_4,0.0115903162165692
35,PH_4,0.011259519871929984
36,PH_4,0.010952290584442543
37,PH_4,0.010666952213871404
38,PH_4,0.010401798175546342
39,PH_4,0.010155147783698871
40,PH_4,0.009925383723933371
1,MC_4,-0.040393548379747124
2,MC_4,-0.2555899693079328
3,MC_4,-0.25226421586763914
4,MC_4,-0.18895270185043397
5,MC_4,-0.12253637761053171
6,MC_4,-0.0695806450019715
7,MC_4,-0.03192759951051625
8,MC_4,-0.006906294989132368
9,MC_4,0.008872753217212445
10,MC_4,0.018303810845148226
11,MC_4,0.02354618072730061
12,MC_4,0.02610732880750848
13,MC_4,0.026999744082287225
14,MC_4,0.02688642169347067
15,MC_4,0.02619338600767194
16,MC_4,0.02518993906027431
17,MC_4,0.024043433157089074
18,MC_4,0.02285568961035681
19,MC_4,0.02168681700677457
20,MC_4,0.020570619767366804
21,MC_4,0.019524491201419625
22,MC_4,0.01855572924510737
23,MC_4,0.017665548576656958
24,MC_4,0.016851616216086576
25,MC_4,0.016109643685416904
26,MC_4,0.015434377700788714
27,MC_4,0.014820208174315272
28,MC_4,0.014261533290310881
29,MC_4,0.013752970892432742
30,MC_4,0.013289473152150002
31,MC_4,0.012866380891200308
32,MC_4,0.012479440775306667
33,MC_4,0.012124800185383262
34,MC_4,0.011798989187021934
35,MC_4,0.011498895565347198
36,MC_4,0.011221736674129968
37,MC_4,0.010965030421851877
38,MC_4,0.010726566800252801
39,MC_4,0.01050438077185154
40,MC_4,0.010296726956011568
1,L_4,0.9392466116426418
2,L_4,0.47784323838779746
3,L_4,0.3307497964058439
4,L_4,0.3014978293995378
5,L_4,0.3086504903121938
6,L_4,0.3223441962511018
7,L_4,0.33321740356431134
8,L_4,0.3395023405603487
9,L_4,0.34186118260453585
10,L_4,0.3414524175467158
11,L_4,0.3392976725968717
12,L_4,0.3361409753668999
13,L_4,0.33247309865912383
14,L_4,0.3285956675467268
15,L_4,0.3246820488003044
16,L_4,0.32082389894585006
17,L_4,0.3170634087022875
18,L_4,0.31341435687189395
19,L_4,0.30987527247078805
20,L_4,0.30643734933650973
21,L_4,0.3030890083041544
22,L_4,0.2998183853995456
23,L_4,0.2966145756528153
24,L_4,0.293468155599391
25,L_4,0.29037130621884566
26,L_4,0.2873177294077724
27,L_4,0.2843024706194676
28,L_4,0.2813217109511931
29,L_4,0.27837256229501817
30,L_4,0.2754528817556886
31,L_4,0.2725611116325985
32,L_4,0.26969614587865604
33,L_4,0.2668572212349167
34,L_4,0.264043830061969
35,L_4,0.2612556515619992
36,L_4,0.25849249820240716
37,L_4,0.2557542744764368
38,L_4,0.25304094553558587
39,L_4,0.2503525136312301
40,L_4,0.24768900067374222
1,Y_5,1.341674795097799
2,Y_5,0.14731285437976624
3,Y_5,-0.16695001361676404
4,Y_5,-0.18279260139273112
5,Y_5,-0.12108105643820419
6,Y_5,-0.05817207667995315
7,Y_5,-0.014449857265963513
8,Y_5,0.00937601376230215
9,Y_5,0.018082432526835293
10,Y_5,0.016856937179528284
11,Y_5,0.009815553456166092
12,Y_5,-0.00017153103102919397
13,Y_5,-0.011255608019098109
14,Y_5,-0.02232259797147037
15,Y_5,-0.032750214566193564
16,Y_5,-0.04222945781813534
17,Y_5,-0.050642503125489076
18,Y_5,-0.05798284664722204
19,Y_5,-0.06430480015927281
20,Y_5,-0.06969247993353841
21,Y_5,-0.07424135692547965
22,Y_5,-0.07804771249488396
23,Y_5,-0.0812029647611305
24,Y_5,-0.08379092906219882
25,Y_5,-0.08588679790941606
26,Y_5,-0.08755709057012297
27,Y_5,-0.08886011698218794
28,Y_5,-0.08984668502787349
29,Y_5,-0.09056089415145079
30,Y_5,-0.09104092786566445
31,Y_5,-0.09131979951651353
32,Y_5,-0.09142603033376441
33,Y_5,-0.09138425293372845
34,Y_5,-0.09121574120995456
35,Y_5,-0.09093887151675259
36,Y_5,-0.09056952179932481
37,Y_5,-0.09012141581427963
38,Y_5,-0.08960641939383011
39,Y_5,-0.08903479517849541
40,Y_5,-0.08841542157479947
1,PH_5,-0.26542610531616506
2,PH_5,-0.3404383747256794
3,PH_5,-0.3257857289365035
4,PH_5,-0.2849717365927651
5,PH_5,-0.2419576416802174
6,PH_5,-0.2044488289639748
7,PH_5,-0.17391834412759055
8,PH_5,-0.14971475505741147
9,PH_5,-0.13066339011346584
10,PH_5,-0.11563316029494945
11,PH_5,-0.10369500021041442
12,PH_5,-0.09413179245079525
13,PH_5,-0.08640343787373846
14,PH_5,-0.08010556333588038
15,PH_5,-0.07493413115818019
16,PH_5,-0.0706583097503219
17,PH_5,-0.06710067939885374
18,PH_5,-0.06412309766420209
19,PH_5,-0.0616166677052796
20,PH_5,-0.059494593420073905
21,PH_5,-0.05768704016738003
22,PH_5,-0.0561373860627427
23,PH_5,-0.05479944257962723
24,PH_5,-0.05363535800884865
25,PH_5,-0.05261400894294416
26,PH_5,-0.05170974646891288
27,PH_5,-0.05090140489020702
28,PH_5,-0.05017150835033149
29,PH_5,-0.04950562929362596
30,PH_5,-0.0488918653281199
31,PH_5,-0.04832040975889873
32,PH_5,-0.04778319715204489
33,PH_5,-0.047273609627787046
34,PH_5,-0.046786232729772066
35,PH_5,-0.04631665204602541
36,PH_5,-0.0458612835122114
37,PH_5,-0.04541723167421096
38,PH_5,-0.04498217123681259
39,PH_5,-0.044554248055632344
40,PH_5,-0.04413199639429767
1,MC_5,0.6636437183760099
2,MC_5,0.2480812309241881
3,MC_5,0.08297201007942842
4,MC_5,0.019296207972521812
5,MC_5,-0.004490053584954855
6,MC_5,-0.013567196244091093
7,MC_5,-0.017783537115514822
8,MC_5,-0.020701969022603576
9,MC_5,-0.02342395046380862
10,MC_5,-0.026162527032896028
11,MC_5,-0.028861204517659958
12,MC_5,-0.031418716022546686
13,MC_5,-0.033757767315477784
14,MC_5,-0.03583653019711883
15,MC_5,-0.037642256388511215
16,MC_5,-0.039181634321400476
17,MC_5,-0.040472575057482495
18,MC_5,-0.04153837701404928
19,MC_5,-0.04240398894289268
20,MC_5,-0.043093814576561695
21,MC_5,-0.04363054880590602
22,MC_5,-0.04403466082435044
23,MC_5,-0.04432426008394042
24,MC_5,-0.04451517384092281
25,MC_5,-0.044621130159167716
26,MC_5,-0.04465398332009102
27,MC_5,-0.04462394599236979
28,MC_5,-0.04453980938285796
29,MC_5,-0.04440914264012732
30,MC_5,-0.044238468545534905
31,MC_5,-0.04403341566277368
32,MC_5,-0.04379884868365133
33,MC_5,-0.043538979365640905
34,MC_5,-0.04325746060929402
35,MC_5,-0.042957466112573804
36,MC_5,-0.042641757805632424
37,MC_5,-0.04231274299311494
38,MC_5,-0.04197252285447802
39,MC_5,-0.04162293369715846
40,MC_5,-0.04126558213145
1,L_5,0.14206324249046567
2,L_5,0.48838060397713756
3,L_5,0.5561735146106824
4,L_5,0.5240681537254592
5,L_5,0.4654347510978959
6,L_5,0.4069301867023714
7,L_5,0.35654666067645324
8,L_5,0.3153268333536664
9,L_5,0.28208789569074183
10,L_5,0.2552124711372965
11,L_5,0.2332476101621368
12,L_5,0.2150453698465276
13,L_5,0.19974503339988658
14,L_5,0.18671378157999763
15,L_5,0.17548722179896617
16,L_5,0.16572151458551537
17,L_5,0.15715809411306025
18,L_5,0.1495987505854712
19,L_5,0.14288838443782684
20,L_5,0.13690315657439428
21,L_5,0.13154233377032176
22,L_5,0.12672263145497825
23,L_5,0.12237423688376672
24,L_5,0.11843796503666112
25,L_5,0.11486318324796416
26,L_5,0.1116062632577068
27,L_5,0.10862940039630763
28,L_5,0.10589969283003307
29,L_5,0.10338840870630127
30,L_5,0.1010703919890891
31,L_5,0.09892357293644201
32,L_5,0.09692855926162058
33,L_5,0.09506829079864715
34,L_5,0.09332774510241447
35,L_5,0.09169368459172282
36,L_5,0.09015443807018603
37,L_5,0.0886997110474974
38,L_5,0.08732042043698506
39,L_5,0.08600855005996669
40,L_5,0.08475702403315633
1,Y_6,1.021498789312711
2,Y_6,0.09326253110440834
3,Y_6,-0.1617378979367278
4,Y_6,-0.18810537165925761
5,Y_6,-0.15100957061556
6,Y_6,-0.10829099515227165
7,Y_6,-0.07618225807651521
8,Y_6,-0.05619729663857084
9,Y_6,-0.045625022873925544
10,Y_6,-0.041285986846084075
11,Y_6,-0.040641534486134674
12,Y_6,-0.041943078738853015
13,Y_6,-0.04408934401905459
14,Y_6,-0.04643683760798678
15,Y_6,-0.04864040492568948
16,Y_6,-0.05053811009896944
17,Y_6,-0.05207449997339848
18,Y_6,-0.05325209405894171
19,Y_6,-0.05410201113152003
20,Y_6,-0.054666929121987895
21,Y_6,-0.05499170002629904
22,Y_6,-0.05511856129731318
23,Y_6,-0.05508501329975908
24,Y_6,-0.054923178547607365
25,Y_6,-0.05465993524817014
26,Y_6,-0.05431741454120193
27,Y_6,-0.053913631553738836
28,Y_6,-0.053463128020792956
29,Y_6,-0.05297756675261644
30,Y_6,-0.05246625344352442
31,Y_6,-0.051936580294863824
32,Y_6,-0.051394395457914875
33,Y_6,-0.05084430649128699
34,Y_6,-0.05028992730606837
35,Y_6,-0.04973407785838407
36,Y_6,-0.049178944948620594
37,Y_6,-0.04862621134159067
38,Y_6,-0.0480771592626867
39,Y_6,-0.04753275326117722
40,Y_6,-0.04699370650606939
1,PH_6,-0.1879424112006182
2,PH_6,-0.25545918753248686
3,PH_6,-0.25220625009012704
4,PH_6,-0.22498246652409312
5,PH_6,-0.193505798114602
6,PH_6,-0.16523257898174465
7,PH_6,-0.14231193769459555
8,PH_6,-0.12472989497463793
9,PH_6,-0.11170762030549439
10,PH_6,-0.10230097427368597
11,PH_6,-0.0956376175719805
12,PH_6,-0.090993084439846
13,PH_6,-0.08779859488972602
14,PH_6,-0.08562289793574922
15,PH_6,-0.08414691999821738
16,PH_6,-0.08313906841362356
17,PH_6,-0.08243403216351859
18,PH_6,-0.08191570070268363
19,PH_6,-0.08150390767628596
20,PH_6,-0.08114439539429338
21,PH_6,-0.08080135238162035
22,PH_6,-0.08045194085440703
23,PH_6,-0.08008232952951243
24,PH_6,-0.07968484693780664
25,PH_6,-0.0792559583688018
26,PH_6,-0.07879484199503621
27,PH_6,-0.07830239699457624
28,PH_6,-0.07778056059386906
29,PH_6,-0.07723184428621356
30,PH_6,-0.07665902432150576
31,PH_6,-0.0760649398706064
32,PH_6,-0.07545236563887495
33,PH_6,-0.07482393539421354
34,PH_6,-0.07418209985088596
35,PH_6,-0.07352910734102361
36,PH_6,-0.07286699925529296
37,PH_6,-0.07219761474440274
38,PH_6,-0.07152260093802508
39,PH_6,-0.07084342617100747
40,PH_6,-0.07016139456282226
1,MC_6,0.5353496711205613
2,MC_6,-0.007069534104089437
3,MC_6,-0.16970243232854307
4,MC_6,-0.19383859361321037
5,MC_6,-0.17494526926918066
6,MC_6,-0.14849929937178638
7,MC_6,-0.12587855084143193
8,MC_6,-0.10938259800713576
9,MC_6,-0.09830962796866761
10,MC_6,-0.0912751127306418
11,MC_6,-0.08699990383380982
12,MC_6,-0.08450739641095525
13,MC_6,-0.08311481049110325
14,MC_6,-0.08236886743768768
15,MC_6,-0.08197938337266415
16,MC_6,-0.08176616341069576
17,MC_6,-0.08162072933625092
18,MC_6,-0.08148022231916432
19,MC_6,-0.08131020132124275
20,MC_6,-0.08109356450046186
21,MC_6,-0.0808235383350382
22,MC_6,-0.0804993070824911
23,MC_6,-0.0801233279600136
24,MC_6,-0.07969970877162463
25,MC_6,-0.07923324769428013
26,MC_6,-0.07872888125317945
27,MC_6,-0.0781913809156672
28,MC_6,-0.07762519890684813
29,MC_6,-0.07703440185681666
30,MC_6,-0.0764226547141586
31,MC_6,-0.07579323219306831
32,MC_6,-0.07514904419287952
33,MC_6,-0.07449266725738876
34,MC_6,-0.07382637756509666
35,MC_6,-0.07315218300084585
36,MC_6,-0.07247185307967884
37,MC_6,-0.07178694620194442
38,MC_6,-0.07109883411714735
39,MC_6,-0.07040872368743893
40,MC_6,-0.06971767614625064
1,L_6,-0.36852994237732223
2,L_6,0.05591428484913494
3,L_6,0.1866067959337612
4,L_6,0.20264221314444825
5,L_6,0.18272803974959775
6,L_6,0.15675069353761364
7,L_6,0.13458156994697848
8,L_6,0.11833292694481941
9,L_6,0.10743204149920361
10,L_6,0.10062431177627061
11,L_6,0.09669395514422913
12,L_6,0.09467054560487755
13,L_6,0.09384456983178373
14,L_6,0.09372328757991036
15,L_6,0.09397694381407694
16,L_6,0.09439201034263832
17,L_6,0.09483514145160037
18,L_6,0.095226983377497
19,L_6,0.09552378028946963
20,L_6,0.09570473777685591
21,L_6,0.09576348166094185
22,L_6,0.09570236477701606
23,L_6,0.09552872498152612
24,L_6,0.09525246538040172
25,L_6,0.09488452222213296
26,L_6,0.09443592324353306
27,L_6,0.09391723468764968
28,L_6,0.09333826085165499
29,L_6,0.09270790486816352
30,L_6,0.09203412991513502
31,L_6,0.09132398069809354
32,L_6,0.09058363897584276
33,L_6,0.08981849625269286
34,L_6,0.08903323300477557
35,L_6,0.08823189794764993
36,L_6,0.08741798357023949
37,L_6,0.08659449592112346
38,L_6,0.08576401775335382
39,L_6,0.0849287648276848
40,L_6,0.08409063558652527
1,Y_7,3.120740700442972
2,Y_7,0.799081196389448
3,Y_7,0.03372146137230331
4,Y_7,-0.14854024087584533
5,Y_7,-0.13844634159630623
6,Y_7,-0.08348362619852319
7,Y_7,-0.03289218938114099
8,Y_7,0.0015124262892075727
9,Y_7,0.02063134087126236
10,Y_7,0.028577134146815987
11,Y_7,0.029380134460009436
12,Y_7,0.026108006329137855
13,Y_7,0.020838125015697515
14,Y_7,0.0148706503607372
15,Y_7,0.00896194118426177
16,Y_7,0.0035129867230786265
17,Y_7,-0.0012956821321351186
18,Y_7,-0.005413563792033229
19,Y_7,-0.008862216741503528
20,Y_7,-0.011699431827192968
21,Y_7,-0.013997882138264273
22,Y_7,-0.01583295031455832
23,Y_7,-0.017276220351852698
24,Y_7,-0.01839237195777334
25,Y_7,-0.01923805330277953
26,Y_7,-0.01986185325661065
27,Y_7,-0.020304841809451538
28,Y_7,-0.020601365323115125
29,Y_7,-0.020779917829783397
30,Y_7,-0.02086399136360625
31,Y_7,-0.020872857055368982
32,Y_7,-0.020822257058316643
33,Y_7,-0.020725003259087174
34,Y_7,-0.02059148712884306
35,Y_7,-0.02043010905872645
36,Y_7,-0.020247636982141683
37,Y_7,-0.020049504152400217
38,Y_7,-0.01984005529605719
39,Y_7,-0.01962274939537312
40,Y_7,-0.01940032629138596
1,PH_7,-0.2638754540218414
2,PH_7,-0.34291131586614415
3,PH_7,-0.33127113427765265
4,PH_7,-0.2912878460223338
5,PH_7,-0.24740702647656967
6,PH_7,-0.2080982359860816
7,PH_7,-0.1754532773071031
8,PH_7,-0.14921903697239314
9,PH_7,-0.1284344438252657
10,PH_7,-0.11205437965222784
11,PH_7,-0.0991575826541946
12,PH_7,-0.08899222030118438
13,PH_7,-0.08096420111091535
14,PH_7,-0.07460990513391444
15,PH_7,-0.06956858169251198
16,PH_7,-0.06555904870004468
17,PH_7,-0.06236134482589975
18,PH_7,-0.05980269140324903
19,PH_7,-0.057746854809075744
20,PH_7,-0.05608608347015658
21,PH_7,-0.05473496326639299
22,PH_7,-0.05362569834932155
23,PH_7,-0.052704455824890195
24,PH_7,-0.05192851112187206
25,PH_7,-0.05126400209781906
26,PH_7,-0.05068415082937472
27,PH_7,-0.050167848328951894
28,PH_7,-0.04969852344699557
29,PH_7,-0.049263236048285364
30,PH_7,-0.04885194834476376
31,PH_7,-0.04845693850898566
32,PH_7,-0.04807232840034817
33,PH_7,-0.04769370311355949
34,PH_7,-0.047317804594085244
35,PH_7,-0.04694228510236024
36,PH_7,-0.046565509092495794
37,PH_7,-0.046186394279423365
38,PH_7,-0.04580428443122506
39,PH_7,-0.04541884783802225
40,PH_7,-0.045029996548769734
1,MC_7,0.3725762208170811
2,MC_7,-0.06081291660037011
3,MC_7,-0.17424516288628328
4,MC_7,-0.1758019469007869
5,MC_7,-0.1464367056998549
6,MC_7,-0.11509196390244109
7,MC_7,-0.09018755253639538
8,MC_7,-0.07267166221315378
9,MC_7,-0.06121571409188504
10,MC_7,-0.054137343037543514
11,MC_7,-0.05001048228244991
12,MC_7,-0.04778208100758143
13,MC_7,-0.04672675992666756
14,MC_7,-0.04636560934124014
15,MC_7,-0.0463918497105164
16,MC_7,-0.04661387933201313
17,MC_7,-0.04691504731197199
18,MC_7,-0.04722649645028371
19,MC_7,-0.047509339516661496
20,MC_7,-0.047743183493023124
21,MC_7,-0.04791884522759181
22,MC_7,-0.048033781183598495
23,MC_7,-0.048089250763735464
24,MC_7,-0.04808857554572816
25,MC_7,-0.04803608547005978
26,MC_7,-0.047936492327942185
27,MC_7,-0.04779452696827862
28,MC_7,-0.04761473782881784
29,MC_7,-0.04740138707008064
30,MC_7,-0.04715840488786009
31,MC_7,-0.046889377767568095
32,MC_7,-0.04659755589257115
33,MC_7,-0.04628587076986619
34,MC_7,-0.04595695774163843
35,MC_7,-0.04561318025976237
36,MC_7,-0.04525665414378151
37,MC_7,-0.044889270852886645
38,MC_7,-0.0445127192849946
39,MC_7,-0.044128505898833804
40,MC_7,-0.043737973116711445
1,L_7,1.4891091845660323
2,L_7,0.6813113824886231
3,L_7,0.37493122039045196
4,L_7,0.26871860477814474
5,L_7,0.23741469439923515
6,L_7,0.23098939382134875
7,L_7,0.23071257862588201
8,L_7,0.23040857574343324
9,L_7,0.22862908263231707
10,L_7,0.22549688754631303
11,L_7,0.2215071424883257
12,L_7,0.2171226265274468
13,L_7,0.2126735242277901
14,L_7,0.20836201218936204
15,L_7,0.20429428599766294
16,L_7,0.20051286280195235
17,L_7,0.19702163611866866
18,L_7,0.19380319043330174
19,L_7,0.1908299340206903
20,L_7,0.188070843953393
21,L_7,0.18549529840456638
22,L_7,0.1830750653945397
23,L_7,0.18078517264890473
24,L_7,0.1786041288571036
25,L_7,0.17651379148574348
26,L_7,0.17449906076214725
27,L_7,0.17254750547899442
28,L_7,0.17064898006599147
29,L_7,0.1687952641749438
30,L_7,0.16697973925307313
31,L_7,0.1651971069290339
32,L_7,0.16344314874412424
33,L_7,0.16171452408379072
34,L_7,0.16000860201637726
35,L_7,0.15832332246116326
36,L_7,0.1566570822837929
37,L_7,0.15500864231601555
38,L_7,0.15337705178092928
39,L_7,0.151761587098662
40,L_7,0.15016170251126845
1,Y_8,2.1220687664692726
2,Y_8,0.4537279609977234
3,Y_8,-0.0452382773112258
4,Y_8,-0.12660398244574647
5,Y_8,-0.08426784490112549
6,Y_8,-0.024292646049134767
7,Y_8,0.0214311538638404
8,Y_8,0.04810773761707469
9,Y_8,0.059308073349555096
10,Y_8,0.06003681329950494
11,Y_8,0.05452582009717666
12,Y_8,0.04580097782006565
13,Y_8,0.035830380555210053
14,Y_8,0.025801003231601227
15,Y_8,0.016371205474854437
16,Y_8,0.007861870354843118
17,Y_8,0.0003888822443085273
18,Y_8,-0.006049820840868512
19,Y_8,-0.011519236438993458
20,Y_8,-0.016113721145050837
21,Y_8,-0.019937253638906003
22,Y_8,-0.023092390676081674
23,Y_8,-0.025674547455759575
24,Y_8,-0.027769451449210388
25,Y_8,-0.029452423614049844
26,Y_8,-0.030788660306010403
27,Y_8,-0.03183401842185485
28,Y_8,-0.03263601187377744
29,Y_8,-0.033234854020468635
30,Y_8,-0.03366445734778072
31,Y_8,-0.03395334727078807
32,Y_8,-0.03412547333768454
33,Y_8,-0.03420091584749131
34,Y_8,-0.0341964936168894
35,Y_8,-0.034126282230174936
36,Y_8,-0.03400205334397074
37,Y_8,-0.03383364556092528
38,Y_8,-0.03362927666875343
39,Y_8,-0.033395806032487374
40,Y_8,-0.03313895483763843
1,PH_8,-0.29128190175363317
2,PH_8,-0.39127094195517054
3,PH_8,-0.3948946790407615
4,PH_8,-0.36551627508067996
5,PH_8,-0.32859678318127783
6,PH_8,-0.29347596497200107
7,PH_8,-0.2629483877434212
8,PH_8,-0.2373121842973433
9,PH_8,-0.21603188860278028
10,PH_8,-0.198387762586955
11,PH_8,-0.18370542445325405
12,PH_8,-0.1714189770576569
13,PH_8,-0.16107315916125745
14,PH_8,-0.15230687171221358
15,PH_8,-0.1448339655302469
16,PH_8,-0.13842645635762094
17,PH_8,-0.13290123931558528
18,PH_8,-0.12810998571999724
19,PH_8,-0.12393156393539648
20,PH_8,-0.12026635161200447
21,PH_8,-0.11703193232508749
22,PH_8,-0.1141597994775096
23,PH_8,-0.11159279625778887
24,PH_8,-0.10928309923025502
25,PH_8,-0.10719060921452193
26,PH_8,-0.10528165221273048
27,PH_8,-0.10352792020468485
28,PH_8,-0.10190560038469194
29,PH_8,-0.10039465450777321
30,PH_8,-0.09897821926537993
31,PH_8,-0.09764210524895692
32,PH_8,-0.09637437690522765
33,PH_8,-0.09516499948911564
34,PH_8,-0.09400554174713702
35,PH_8,-0.09288892516476702
36,PH_8,-0.0918092122556286
37,PH_8,-0.09076142767595644
38,PH_8,-0.08974140699729934
39,PH_8,-0.0887456688229351
40,PH_8,-0.08777130663201925
1,MC_8,0.32490460808172966
2,MC_8,-0.2226974044057737
3,MC_8,-0.3556816891119479
4,MC_8,-0.34404631835399985
5,MC_8,-0.294074679494042
6,MC_8,-0.243428994859812
7,MC_8,-0.2027907210921265
8,MC_8,-0.17308619217643964
9,MC_8,-0.15232165411785614
10,MC_8,-0.1380987013079918
11,MC_8,-0.128401376648586
12,MC_8,-0.12173711432145828
13,MC_8,-0.11706783748262076
14,MC_8,-0.1136966452846544
15,MC_8,-0.11116554372552358
16,MC_8,-0.10917744249981189
17,MC_8,-0.10754109183420031
18,MC_8,-0.1061338381585481
19,MC_8,-0.10487707557740607
20,MC_8,-0.10372032995883054
21,MC_8,-0.10263105020617712
22,MC_8,-0.1015881054757456
23,MC_8,-0.10057766031512794
24,MC_8,-0.09959056333052584
25,MC_8,-0.09862069397060462
26,MC_8,-0.09766391370119244
27,MC_8,-0.0967173976968148
28,MC_8,-0.09577920598765234
29,MC_8,-0.0948480054582164
30,MC_8,-0.09392288715889072
31,MC_8,-0.09300324415483523
32,MC_8,-0.09208868813773809
33,MC_8,-0.09117899114846764
34,MC_8,-0.0902740438251516
35,MC_8,-0.08937382474833606
36,MC_8,-0.08847837742187398
37,MC_8,-0.08758779265486308
38,MC_8,-0.08670219487691708
39,MC_8,-0.08582173140094614
40,MC_8,-0.08494656395289003
1,L_8,0.41968863477303303
2,L_8,0.09838874639891512
3,L_8,0.02838303631287986
4,L_8,0.041717337449272064
5,L_8,0.07254113576809931
6,L_8,0.09930070805708538
7,L_8,0.11720850340098043
8,L_8,0.1270890205006037
9,L_8,0.13110968468149276
10,L_8,0.13131852534255248
11,L_8,0.12926780218262096
12,L_8,0.12601790161936835
13,L_8,0.12224567683545416
14,L_8,0.11835865468430978
15,L_8,0.11458647509903097
16,L_8,0.11104639334126659
17,L_8,0.10778743448537183
18,L_8,0.10481899327896614
19,L_8,0.10212879572299736
20,L_8,0.09969386334900988
21,L_8,0.09748700005629084
22,L_8,0.09548047706995223
23,L_8,0.09364800091809304
24,L_8,0.09196565314447482
25,L_8,0.09041223179360605
26,L_8,0.08896925896139644
27,L_8,0.08762081404280833
28,L_8,0.08635328704237205
29,L_8,0.08515510611008766
30,L_8,0.08401646903147854
31,L_8,0.08292909379339242
32,L_8,0.08188599480455716
33,L_8,0.08088128651045706
34,L_8,0.07991001353476955
35,L_8,0.07896800519508076
36,L_8,0.07805175172159162
37,L_8,0.077158299416025
38,L_8,0.07628516212168097
39,L_8,0.07543024661572285
40,L_8,0.07459178981332823
1,Y_9,0.9897256555620165
2,Y_9,0.1447994396590348
3,Y_9,-0.08392381539896455
4,Y_9,-0.10010601587232375
5,Y_9,-0.06057532101997128
6,Y_9,-0.019635442882386427
7,Y_9,0.008144980100211268
8,Y_9,0.02218177972938558
9,Y_9,0.02580423569237111
10,Y_9,0.02264823206585491
11,Y_9,0.015600067580220851
12,Y_9,0.006669415604030963
13,Y_9,-0.0028537911076975354
14,Y_9,-0.012197360395118036
15,Y_9,-0.0209355369064655
16,Y_9,-0.0288629887908124
17,Y_9,-0.03590858189784063
18,Y_9,-0.04207899226557615
19,Y_9,-0.047423052858598214
20,Y_9,-0.052009875930084395
21,Y_9,-0.05591585341289177
22,Y_9,-0.059217245178144695
23,Y_9,-0.06198620994091349
24,Y_9,-0.06428890971852919
25,Y_9,-0.0661848289891914
26,Y_9,-0.06772677822567473
27,Y_9,-0.06896125974420202
28,Y_9,-0.0699290041469576
29,Y_9,-0.07066556623222024
30,Y_9,-0.07120191845461438
31,Y_9,-0.07156500961576527
32,Y_9,-0.07177827392458987
33,Y_9,-0.07186208558594963
34,Y_9,-0.07183415958943812
35,Y_9,-0.07170990219370077
36,Y_9,-0.07150271585263249
37,Y_9,-0.07122426368798913
38,Y_9,-0.07088469848751247
39,Y_9,-0.07049286084094572
40,Y_9,-0.07005645055866903
1,PH_9,-0.30716829999966944
2,PH_9,-0.4099698630855354
3,PH_9,-0.41344898518260376
4,PH_9,-0.38395752636282454
5,PH_9,-0.34741452659884964
6,PH_9,-0.312902922529994
7,PH_9,-0.2828839233877197
8,PH_9,-0.2574259185524743
9,PH_9,-0.2358847228686841
10,PH_9,-0.2175233701145911
11,PH_9,-0.201706966474479
12,PH_9,-0.18793822635937796
13,PH_9,-0.17584093671370818
14,PH_9,-0.1651321235645738
15,PH_9,-0.15559667096564359
16,PH_9,-0.14706774015819785
17,PH_9,-0.13941273439890084
18,PH_9,-0.13252359948942885
19,PH_9,-0.1263102326499367
20,PH_9,-0.12069602101469139
21,PH_9,-0.11561480269177586
22,PH_9,-0.1110087652644212
23,PH_9,-0.10682695873748299
24,PH_9,-0.10302421178993314
25,PH_9,-0.09956031484531702
26,PH_9,-0.09639938226642504
27,PH_9,-0.09350933744317748
28,PH_9,-0.09086148464692959
29,PH_9,-0.08843014429402273
30,PH_9,-0.08619233634271953
31,PH_9,-0.08412750165377475
32,PH_9,-0.08221725437299862
33,PH_9,-0.08044516044165403
34,PH_9,-0.07879653864814364
35,PH_9,-0.07725828147950868
36,PH_9,-0.07581869358759745
37,PH_9,-0.07446734606093965
38,PH_9,-0.07319494495695973
39,PH_9,-0.07199321274209368
40,PH_9,-0.07085478143553144
1,MC_9,-0.041501330629539916
2,MC_9,-0.295847997236596
3,MC_9,-0.3396770847077629
4,MC_9,-0.3130145342914173
5,MC_9,-0.2696844239314178
6,MC_9,-0.2285811072385141
7,MC_9,-0.19485473168096543
8,MC_9,-0.16869069066332448
9,MC_9,-0.1488016019785096
10,MC_9,-0.13371654032383737
11,MC_9,-0.12218611957628116
12,MC_9,-0.11325533408193346
13,MC_9,-0.10622745442471776
14,MC_9,-0.10060414303216196
15,MC_9,-0.09603067292341652
16,MC_9,-0.09225338897844701
17,MC_9,-0.08908896988818431
18,MC_9,-0.08640300165138934
19,MC_9,-0.08409530125511315
20,MC_9,-0.0820899273137761
21,MC_9,-0.08032837142686476
22,MC_9,-0.07876488408304208
23,MC_9,-0.07736322816531585
24,MC_9,-0.07609438949245718
25,MC_9,-0.07493493343592164
26,MC_9,-0.07386580247015012
27,MC_9,-0.07287141896297017
28,MC_9,-0.0719390028768122
29,MC_9,-0.07105804366283008
30,MC_9,-0.07021988500984232
31,MC_9,-0.06941739386474509
32,MC_9,-0.06864469360633113
33,MC_9,-0.06789694693562855
34,MC_9,-0.06717017791131323
35,MC_9,-0.06646112523148227
36,MC_9,-0.06576712074491897
37,MC_9,-0.06508598852609375
38,MC_9,-0.06441596083802287
39,MC_9,-0.06375560804704077
40,MC_9,-0.06310378011736353
1,L_9,-1.2565009981535682
2,L_9,-0.3214487298482375
3,L_9,0.011642200798349807
4,L_9,0.1130738305163923
5,L_9,0.13172942557774966
6,L_9,0.12564057117295094
7,L_9,0.11557466385811957
8,L_9,0.10770065483594098
9,L_9,0.10292456390972222
10,L_9,0.10057039731822695
11,L_9,0.09972178286551182
12,L_9,0.09963469794360914
13,L_9,0.0998073400989904
14,L_9,0.0999415344384469
15,L_9,0.0998833199817166
16,L_9,0.09957124897034228
17,L_9,0.09899855133614807
18,L_9,0.09818782666188539
19,L_9,0.09717514285604262
20,L_9,0.09600059636060272
21,L_9,0.09470307063226258
22,L_9,0.09331760781527913
23,L_9,0.0918743418151059
24,L_9,0.09039832050974136
25,L_9,0.08890980045288961
26,L_9,0.08742476355121112
27,L_9,0.0859555103399687
28,L_9,0.08451124952355736
29,L_9,0.08309864277055787
30,L_9,0.08172228689805414
31,L_9,0.08038512872326768
32,L_9,0.07908881492900814
33,L_9,0.07783398274360522
34,L_9,0.07662049859715427
35,L_9,0.07544765211162557
36,L_9,0.07431431236910234
37,L_9,0.07321905270702535
38,L_9,0.07216024949834637
39,L_9,0.0711361595896592
40,L_9,0.07014498034307749
1,Y_10,4.137924001418204
2,Y_10,1.0612214540551848
3,Y_10,0.05100114928913513
4,Y_10,-0.18570145596768725
5,Y_10,-0.1669503279198493
6,Y_10,-0.08867517001549759
7,Y_10,-0.01651297771470781
8,Y_10,0.03364817046298468
9,Y_10,0.06290065543037816
10,Y_10,0.0766797453102861
11,Y_10,0.0803632965788286
12,Y_10,0.07807975741088953
13,Y_10,0.0726553069647246
14,Y_10,0.0658865851981678
15,Y_10,0.05884479672712182
16,Y_10,0.05212297644283982
17,Y_10,0.04601397956191072
18,Y_10,0.04063044752155076
19,Y_10,0.03598223203500781
20,Y_10,0.03202468268202768
21,Y_10,0.02868780062541269
22,Y_10,0.025893199227743646
23,Y_10,0.02356348619750154
24,Y_10,0.021627048668989325
25,Y_10,0.020020126102601083
26,Y_10,0.018687340534012532
27,Y_10,0.01758139642087348
28,Y_10,0.016662374697788147
29,Y_10,0.015896867302234347
30,Y_10,0.0152570894513269
31,Y_10,0.014720041457347418
32,Y_10,0.014266753341699738
33,Y_10,0.013881623503372832
34,Y_10,0.013551850687441918
35,Y_10,0.013266952430953062
36,Y_10,0.01301836054899956
37,Y_10,0.012799083550274844
38,Y_10,0.012603426231845911
39,Y_10,0.012426757563220665
40,Y_10,0.012265319023465341
1,PH_10,-0.27224121010955654
2,PH_10,-0.366408273274086
3,PH_10,-0.368667670714251
4,PH_10,-0.3392610824236298
5,PH_10,-0.3027060008922926
6,PH_10,-0.2681429520745108
7,PH_10,-0.2383704668075213
8,PH_10,-0.21371138732495334
9,PH_10,-0.19362900332756836
10,PH_10,-0.1773754616903131
11,PH_10,-0.16423199527012386
12,PH_10,-0.1535825018309714
13,PH_10,-0.1449230046291172
14,PH_10,-0.13784935414407412
15,PH_10,-0.1320398637307799
16,PH_10,-0.1272388773048808
17,PH_10,-0.12324298325236624
18,PH_10,-0.11988999344680479
19,PH_10,-0.11705030080766719
20,PH_10,-0.11462013923886155
21,PH_10,-0.1125163203165445
22,PH_10,-0.11067210465165007
23,PH_10,-0.10903394483739744
24,PH_10,-0.1075589010760372
25,PH_10,-0.10621257962979454
26,PH_10,-0.10496748076522361
27,PH_10,-0.10380166983055393
28,PH_10,-0.10269770504873584
29,PH_10,-0.10164177045773756
30,PH_10,-0.10062297359444253
31,PH_10,-0.09963277600633867
32,PH_10,-0.09866453120012056
33,PH_10,-0.09771310970536001
34,PH_10,-0.09677459490707484
35,PH_10,-0.09584603644530448
36,PH_10,-0.09492525048436884
37,PH_10,-0.09401065816148708
38,PH_10,-0.09310115514072297
39,PH_10,-0.09219600650515676
40,PH_10,-0.09129476228045753
1,MC_10,0.7034021661605191
2,MC_10,-0.07269593446046944
3,MC_10,-0.29092892647552876
4,MC_10,-0.30774751587036897
5,MC_10,-0.26601715214078686
6,MC_10,-0.21756633699224523
7,MC_10,-0.17808229926796576
8,MC_10,-0.14993244211823142
9,MC_10,-0.13129655608170968
10,MC_10,-0.11958253468967009
11,MC_10,-0.11253753515498312
12,MC_10,-0.10848537654292537
13,MC_10,-0.10627098097858458
14,MC_10,-0.10513482052116778
15,MC_10,-0.10459414003199692
16,MC_10,-0.10435096584745719
17,MC_10,-0.10422690279457165
18,MC_10,-0.10411913276146312
19,MC_10,-0.10397162721742617
20,MC_10,-0.10375671886657599
21,MC_10,-0.10346350435202868
22,MC_10,-0.10309065571130632
23,MC_10,-0.10264203278166897
24,MC_10,-0.10212405260140243
25,MC_10,-0.10154414834343102
26,MC_10,-0.10090989599785648
27,MC_10,-0.10022854485070526
28,MC_10,-0.09950678805328397
29,MC_10,-0.09875067268461242
30,MC_10,-0.09796558813630486
31,MC_10,-0.09715629610503863
32,MC_10,-0.09632698053397626
33,MC_10,-0.09548130503505302
34,MC_10,-0.09462247087558405
35,MC_10,-0.09375327192059098
36,MC_10,-0.09287614485676994
37,MC_10,-0.09199321412507608
38,MC_10,-0.0911063315898197
39,MC_10,-0.09021711127744184
40,MC_10,-0.08932695965231303
1,L_10,2.9973229136929582
2,L_10,0.9092256559864496
3,L_10,0.19874253869874484
4,L_10,0.013162262437622143
5,L_10,0.0075590912675121665
6,L_10,0.04915771519828039
7,L_10,0.09181411334107648
8,L_10,0.12302082479961957
9,L_10,0.1421518585547447
10,L_10,0.15194056241420878
11,L_10,0.15541796747321937
12,L_10,0.1550088333140694
13,L_10,0.1524157639954751
14,L_10,0.14874567922787948
15,L_10,0.144676200317175
16,L_10,0.14059735641964113
17,L_10,0.13671589467664963
18,L_10,0.13312658230997693
19,L_10,0.1298587321390035
20,L_10,0.1269055258395152
21,L_10,0.12424193311241868
22,L_10,0.1218353069761358
23,L_10,0.11965139258716426
24,L_10,0.1176575299933099
25,L_10,0.11582418278774606
26,L_10,0.11412549891349948
27,L_10,0.11253933640791779
28,L_10,0.11104701413974151
29,L_10,0.10963294004340414
30,L_10,0.10828420333348221
31,L_10,0.10699017728036606
32,L_10,0.10574215547147545
33,L_10,0.10453303081591485
34,L_10,0.10335701895096129
35,L_10,0.10220942373710766
36,L_10,0.10108644068198225
37,L_10,0.09998499349617483
38,L_10,0.09890259900423548
39,L_10,0.09783725598522237
40,L_10,0.09678735401014558
1,Y_11,-0.2591395906706694
2,Y_11,-0.21591568631965705
3,Y_11,-0.12478161076891188
4,Y_11,-0.04729588262439207
5,Y_11,0.005636908164288876
6,Y_11,0.036762152034690264
7,Y_11,0.05196065043531703
8,Y_11,0.056678312503891916
9,Y_11,0.0550333022620169
10,Y_11,0.04985406637273687
11,Y_11,0.04296765637245887
12,Y_11,0.03549658567828732
13,Y_11,0.028095141514162158
14,Y_11,0.021118609600320574
15,Y_11,0.014737673730151083
16,Y_11,0.009012940846755265
17,Y_11,0.003942171938030253
18,Y_11,-0.0005104915371094729
19,Y_11,-0.004396879446417255
20,Y_11,-0.007774444996966594
21,Y_11,-0.01070043976421348
22,Y_11,-0.013228841237291889
23,Y_11,-0.015408920454308115
24,Y_11,-0.017284759914479846
25,Y_11,-0.018895299775176046
26,Y_11,-0.02027465821960798
27,Y_11,-0.021452576053676103
28,Y_11,-0.022454899558011894
29,Y_11,-0.02330405442660724
30,Y_11,-0.024019486804976703
31,Y_11,-0.024618061001146597
32,Y_11,-0.02511441113478656
33,Y_11,-0.025521248145210545
34,Y_11,-0.025849625636875984
35,Y_11,-0.026109168882801705
36,Y_11,-0.026308271466665575
37,Y_11,-0.026454263843514875
38,Y_11,-0.02655355772555971
39,Y_11,-0.026611769761666106
40,Y_11,-0.026633827536680508
1,PH_11,-0.3022083171771526
2,PH_11,-0.40733572053841616
3,PH_11,-0.41543064522457224
4,PH_11,-0.39101584475168866
5,PH_11,-0.35942655825934844
6,PH_11,-0.3296035826788962
7,PH_11,-0.30399915185000803
8,PH_11,-0.2826979691458197
9,PH_11,-0.2650666646016231
10,PH_11,-0.2503696614961963
11,PH_11,-0.23796757890166612
12,PH_11,-0.22735700034678047
13,PH_11,-0.21815695538320326
14,PH_11,-0.2100827220051151
15,PH_11,-0.20292103084632337
16,PH_11,-0.1965104019307274
17,PH_11,-0.19072666297322344
18,PH_11,-0.18547264588302773
19,PH_11,-0.18067096126634982
20,PH_11,-0.17625894310444284
21,PH_11,-0.17218509084001635
22,PH_11,-0.16840653573382688
23,PH_11,-0.16488720778039137
24,PH_11,-0.16159648474627766
25,PH_11,-0.15850817668121203
26,PH_11,-0.15559974733524734
27,PH_11,-0.15285170583481375
28,PH_11,-0.15024712310044824
29,PH_11,-0.14777124150176363
30,PH_11,-0.14541115559022813
31,PH_11,-0.1431555480381781
32,PH_11,-0.14099446919376296
33,PH_11,-0.13891915161899834
34,PH_11,-0.13692185305535381
35,PH_11,-0.1349957227471346
36,PH_11,-0.13313468713626803
37,PH_11,-0.13133335174741967
38,PH_11,-0.12958691669236255
39,PH_11,-0.12789110369280904
40,PH_11,-0.12624209288937563
1,MC_11,1.0644292881899977
2,MC_11,0.07208592310673677
3,MC_11,-0.2322807853694251
4,MC_11,-0.2834352361600289
5,MC_11,-0.2560585020861664
6,MC_11,-0.21469851921310704
7,MC_11,-0.17984779655208
8,MC_11,-0.1555186769712373
9,MC_11,-0.14035016913072634
10,MC_11,-0.13181412612562524
11,MC_11,-0.12762346538216926
12,MC_11,-0.12606824155848417
13,MC_11,-0.1259837355651699
14,MC_11,-0.12662338541515905
15,MC_11,-0.12753235011216932
16,MC_11,-0.12844819961305487
17,MC_11,-0.12923038823898372
18,MC_11,-0.12981290294414627
19,MC_11,-0.13017362594080206
20,MC_11,-0.1303150665834739
21,MC_11,-0.13025254965949473
22,MC_11,-0.13000716940843995
23,MC_11,-0.12960172707586096
24,MC_11,-0.1290585008077244
25,MC_11,-0.12839811802737908
26,MC_11,-0.1276390747066624
27,MC_11,-0.12679762130488684
28,MC_11,-0.12588784572627204
29,MC_11,-0.12492185254392135
30,MC_11,-0.12390998017322247
31,MC_11,-0.12286102348731692
32,MC_11,-0.12178244482976788
33,MC_11,-0.12068056546119896
34,MC_11,-0.11956073466321035
35,MC_11,-0.11842747656042998
36,MC_11,-0.11728461616471106
37,MC_11,-0.11613538677864728
38,MC_11,-0.11498252107299756
39,MC_11,-0.11382832808628245
40,MC_11,-0.11267475820942742
1,L_11,-0.8638624319825904
2,L_11,-0.14482813542177467
3,L_11,0.1242285220126237
4,L_11,0.20616362384731798
5,L_11,0.21624462601281094
6,L_11,0.20187962815683547
7,L_11,0.18165255233016656
8,L_11,0.16220639268174222
9,L_11,0.14543944926692357
10,L_11,0.1315036336456388
11,L_11,0.12000806618406017
12,L_11,0.11047125985691253
13,L_11,0.10246913153362192
14,L_11,0.09566689876034923
15,L_11,0.08981153842726955
16,L_11,0.08471446789177295
17,L_11,0.08023481691548015
18,L_11,0.07626611045865406
19,L_11,0.07272648068517379
20,L_11,0.06955174025111241
21,L_11,0.0666905620772473
22,L_11,0.06410113845381306
23,L_11,0.06174885435452562
24,L_11,0.059604648607206843
25,L_11,0.057643840644975644
26,L_11,0.05584527381985395
27,L_11,0.05419067607556063
28,L_11,0.05266417199467778
29,L_11,0.05125190215337149
30,L_11,0.04994172011239123
31,L_11,0.048722946826623106
32,L_11,0.047586168485474284
33,L_11,0.04652306792988902
34,L_11,0.04552628256140908
35,L_11,0.044589283538258195
36,L_11,0.04370627234891705
37,L_11,0.04287209176274015
38,L_11,0.04208214880792157
39,L_11,0.041332347902892606
40,L_11,0.04061903262265096
1,Y_12,2.7506241863290097
2,Y_12,0.6810894020566607
3,Y_12,0.019407030293534522
4,Y_12,-0.13482874268082123
5,Y_12,-0.12065713693811964
6,Y_12,-0.06692175265873067
7,Y_12,-0.01714734035660828
8,Y_12,0.01790238102144574
9,Y_12,0.03876270991776148
10,Y_12,0.04894090989113277
11,Y_12,0.05198392438512833
12,Y_12,0.05066013969521545
13,Y_12,0.046900360183110015
14,Y_12,0.041962096066718475
15,Y_12,0.036621196365673195
16,Y_12,0.0313304885132184
17,Y_12,0.0263355047060132
18,Y_12,0.02175352267224015
19,Y_12,0.01762536553314073
20,Y_12,0.013948338179187097
21,Y_12,0.0106966324763165
22,Y_12,0.007833638776540409
23,Y_12,0.005319141606752283
24,Y_12,0.0031133429214910626
25,Y_12,0.0011789561633614792
26,Y_12,-0.0005178460692886149
27,Y_12,-0.0020071448959420347
28,Y_12,-0.0033153514628880792
29,Y_12,-0.004465468128222371
30,Y_12,-0.005477429603384021
31,Y_12,-0.006368464353552716
32,Y_12,-0.007153443960550894
33,Y_12,-0.007845204473862482
34,Y_12,-0.008454833271093714
35,Y_12,-0.008991920283136695
36,Y_12,-0.009464775269413722
37,Y_12,-0.009880614179094674
38,Y_12,-0.010245718132526475
39,Y_12,-0.0105655685836101
40,Y_12,-0.0108449620058386
1,PH_12,-0.31049687253339675
2,PH_12,-0.4202274990691384
3,PH_12,-0.43109896291220007
4,PH_12,-0.4085203685771297
5,PH_12,-0.3781951566928332
6,PH_12,-0.34922618921080356
7,PH_12,-0.32414886143913396
8,PH_12,-0.30310184387270583
9,PH_12,-0.2854946731506218
10,PH_12,-0.2706294896700752
11,PH_12,-0.25790092907337536
12,PH_12,-0.24683606131477254
13,PH_12,-0.23708081518840504
14,PH_12,-0.228373817006385
15,PH_12,-0.22052176904060922
16,PH_12,-0.21338006144417707
17,PH_12,-0.20683861822333977
18,PH_12,-0.20081193544145695
19,PH_12,-0.195232186257943
20,PH_12,-0.19004447076944253
21,PH_12,-0.18520353136547213
22,PH_12,-0.1806714588046002
23,PH_12,-0.17641606646238656
24,PH_12,-0.17240971693633808
25,PH_12,-0.16862845759320003
26,PH_12,-0.16505136984335497
27,PH_12,-0.16166006869181265
28,PH_12,-0.15843830995837827
29,PH_12,-0.1553716762359688
30,PH_12,-0.15244732166155345
31,PH_12,-0.14965376154362345
32,PH_12,-0.14698069688500806
33,PH_12,-0.1444188665464399
34,PH_12,-0.1419599216573836
35,PH_12,-0.1395963181823404
36,PH_12,-0.13732122447846357
37,PH_12,-0.1351284413545482
38,PH_12,-0.13301233264141915
39,PH_12,-0.13096776466181204
40,PH_12,-0.12899005327905372
1,MC_12,1.0430335702898452
2,MC_12,-0.043877003588720945
3,MC_12,-0.332693678067114
4,MC_12,-0.3547360078658162
5,MC_12,-0.30061282869580425
6,MC_12,-0.23884297260204673
7,MC_12,-0.18971966379323227
8,MC_12,-0.1559273272166039
9,MC_12,-0.13473364075243519
10,MC_12,-0.1225091102592522
11,MC_12,-0.11616777909358708
12,MC_12,-0.11345031632422244
13,MC_12,-0.11282602399188257
14,MC_12,-0.11330957725668882
15,MC_12,-0.11429270254457964
16,MC_12,-0.11541558618345998
17,MC_12,-0.11647660618126904
18,MC_12,-0.11737196149369342
19,MC_12,-0.11805656952534264
20,MC_12,-0.11851934517761005
21,MC_12,-0.11876789924581647
22,MC_12,-0.11881926938492006
23,MC_12,-0.11869444705563556
24,MC_12,-0.1184152556871409
25,MC_12,-0.11800266178510627
26,MC_12,-0.11747594298155124
27,MC_12,-0.11685235604147338
28,MC_12,-0.11614708631970223
29,MC_12,-0.1153733468426794
30,MC_12,-0.11454254894251253
31,MC_12,-0.11366449937886633
32,MC_12,-0.11274759892517124
33,MC_12,-0.11179902939057056
34,MC_12,-0.11082492309057931
35,MC_12,-0.10983051279909503
36,MC_12,-0.10882026241137052
37,MC_12,-0.10779797966160126
38,MC_12,-0.10676691272290131
39,MC_12,-0.10572983264646983
40,MC_12,-0.10468910353543416
1,L_12,2.1141308471492164
2,L_12,0.6168780467811248
3,L_12,0.13836117405382575
4,L_12,0.018253700233990477
5,L_12,0.019999679100281758
6,L_12,0.052593819370267
7,L_12,0.08453142588726056
8,L_12,0.10743196327801707
9,L_12,0.1210821449935618
10,L_12,0.1275651127950206
11,L_12,0.12914612682140958
12,L_12,0.12764662382345726
13,L_12,0.12436407338937207
14,L_12,0.12016091230422538
15,L_12,0.11558211749570804
16,L_12,0.11095617360774909
17,L_12,0.10647021155967722
18,L_12,0.10222209700885733
19,L_12,0.09825503963852222
20,L_12,0.09457992634985263
21,L_12,0.09118940235038417
22,L_12,0.08806656015841986
23,L_12,0.08519017669625273
24,L_12,0.08253777706874338
25,L_12,0.08008735117791846
26,L_12,0.07781824917285968
27,L_12,0.07571158655088805
28,L_12,0.07375036457996412
29,L_12,0.07191943233567771
30,L_12,0.07020536675951036
31,L_12,0.0685963160644938
32,L_12,0.06708183263043327
33,L_12,0.06565270982048221
34,L_12,0.06430083010418475
35,L_12,0.06301902771494988
36,L_12,0.061800966687943375
37,L_12,0.060641033821327635
38,L_12,0.059534245447022495
39,L_12,0.05847616661964222
40,L_12,0.057462841270501115
